gbifID	datasetKey	occurrenceID	kingdom	phylum	class	order	family	genus	species	infraspecificEpithet	taxonRank	scientificName	verbatimScientificName	verbatimScientificNameAuthorship	countryCode	locality	stateProvince	occurrenceStatus	individualCount	publishingOrgKey	decimalLatitude	decimalLongitude	coordinateUncertaintyInMeters	coordinatePrecision	elevation	elevationAccuracy	depth	depthAccuracy	eventDate	day	month	year	taxonKey	speciesKey	basisOfRecord	institutionCode	collectionCode	catalogNumber	recordNumber	identifiedBy	dateIdentified	license	rightsHolder	recordedBy	typeStatus	establishmentMeans	lastInterpreted	mediaType	issue
5154687547	50c9509d-22c7-4a22-a47d-8c48425ef4a7	https://www.inaturalist.org/observations/279437572	Plantae	Tracheophyta	Liliopsida	Asparagales	Asphodelaceae	Aloe	Aloe claviflora		SPECIES	Aloe claviflora Burch.	Aloe claviflora		ZA		Northern Cape	PRESENT		28eb1a3f-1c15-4a95-931a-4af90ecb574d	-29.263973	21.307576	244.0						2023-09-06T13:13	6	9	2023	2777226	2777226	HUMAN_OBSERVATION	iNaturalist	Observations	279437572		Dale Holder	2025-05-08T11:34:53	CC0_1_0	Dale Holder	Dale Holder			2025-06-25T06:53:10.827Z	StillImage	COORDINATE_ROUNDED;CONTINENT_DERIVED_FROM_COORDINATES;TAXON_MATCH_TAXON_ID_IGNORED
5154360213	50c9509d-22c7-4a22-a47d-8c48425ef4a7	https://www.inaturalist.org/observations/279437568	Plantae	Tracheophyta	Liliopsida	Asparagales	Asphodelaceae	Aloidendron	Aloidendron dichotomum		SPECIES	Aloidendron dichotomum (Masson) Klopper & Gideon F.Sm.	Aloidendron dichotomum		ZA		Northern Cape	PRESENT		28eb1a3f-1c15-4a95-931a-4af90ecb574d	-29.30783	21.363532	29508.0						2023-04-13T13:13	13	4	2023	9485745	9485745	HUMAN_OBSERVATION	iNaturalist	Observations	279437568		Dale Holder	2025-05-08T11:34:52	CC0_1_0	Dale Holder	Dale Holder			2025-06-25T04:48:14.679Z	StillImage	COORDINATE_ROUNDED;CONTINENT_DERIVED_FROM_COORDINATES;TAXON_MATCH_TAXON_ID_IGNORED
5154285590	50c9509d-22c7-4a22-a47d-8c48425ef4a7	https://www.inaturalist.org/observations/188398494	Plantae	Tracheophyta	Magnoliopsida	Brassicales	Capparaceae	Boscia	Boscia albitrunca		SPECIES	Boscia albitrunca (Burch.) Gilg & Gilg-Ben.	Boscia albitrunca		ZA		Northern Cape	PRESENT		28eb1a3f-1c15-4a95-931a-4af90ecb574d	-29.300163	21.253862	10.0						2023-08-19T12:45	19	8	2023	5602556	5602556	HUMAN_OBSERVATION	iNaturalist	Observations	188398494		Craig Peter	2023-10-21T16:53:33	CC_BY_NC_4_0	Craig Peter	Craig Peter			2025-06-25T04:27:34.153Z	StillImage	COORDINATE_ROUNDED;CONTINENT_DERIVED_FROM_COORDINATES;TAXON_MATCH_TAXON_ID_IGNORED
5154158573	50c9509d-22c7-4a22-a47d-8c48425ef4a7	https://www.inaturalist.org/observations/188398488	Plantae	Tracheophyta	Magnoliopsida	Brassicales	Capparaceae	Boscia	Boscia albitrunca		SPECIES	Boscia albitrunca (Burch.) Gilg & Gilg-Ben.	Boscia albitrunca		ZA		Northern Cape	PRESENT		28eb1a3f-1c15-4a95-931a-4af90ecb574d	-29.296078	21.26201	10.0						2023-08-19T12:44	19	8	2023	5602556	5602556	HUMAN_OBSERVATION	iNaturalist	Observations	188398488		Craig Peter	2023-10-21T16:53:31	CC_BY_NC_4_0	Craig Peter	Craig Peter			2025-06-25T04:27:38.348Z	StillImage	COORDINATE_ROUNDED;CONTINENT_DERIVED_FROM_COORDINATES;TAXON_MATCH_TAXON_ID_IGNORED
5153917401	50c9509d-22c7-4a22-a47d-8c48425ef4a7	https://www.inaturalist.org/observations/279437560	Plantae	Tracheophyta	Liliopsida	Asparagales	Asphodelaceae	Aloidendron	Aloidendron dichotomum		SPECIES	Aloidendron dichotomum (Masson) Klopper & Gideon F.Sm.	Aloidendron dichotomum		ZA		Northern Cape	PRESENT		28eb1a3f-1c15-4a95-931a-4af90ecb574d	-29.392498	21.341246	29508.0						2023-08-23T10:37	23	8	2023	9485745	9485745	HUMAN_OBSERVATION	iNaturalist	Observations	279437560		Dale Holder	2025-05-08T11:34:50	CC0_1_0	Dale Holder	Dale Holder			2025-06-25T06:53:14.054Z	StillImage	COORDINATE_ROUNDED;CONTINENT_DERIVED_FROM_COORDINATES;TAXON_MATCH_TAXON_ID_IGNORED
5153575526	50c9509d-22c7-4a22-a47d-8c48425ef4a7	https://www.inaturalist.org/observations/188398491	Plantae	Tracheophyta	Magnoliopsida	Brassicales	Capparaceae	Boscia	Boscia albitrunca		SPECIES	Boscia albitrunca (Burch.) Gilg & Gilg-Ben.	Boscia albitrunca		ZA		Northern Cape	PRESENT		28eb1a3f-1c15-4a95-931a-4af90ecb574d	-29.297659	21.258819	10.0						2023-08-19T12:45	19	8	2023	5602556	5602556	HUMAN_OBSERVATION	iNaturalist	Observations	188398491		Craig Peter	2023-10-21T16:53:32	CC_BY_NC_4_0	Craig Peter	Craig Peter			2025-06-25T04:27:36.408Z	StillImage	COORDINATE_ROUNDED;CONTINENT_DERIVED_FROM_COORDINATES;TAXON_MATCH_TAXON_ID_IGNORED
5153544588	50c9509d-22c7-4a22-a47d-8c48425ef4a7	https://www.inaturalist.org/observations/188367388	Plantae	Tracheophyta	Magnoliopsida	Brassicales	Capparaceae	Boscia	Boscia albitrunca		SPECIES	Boscia albitrunca (Burch.) Gilg & Gilg-Ben.	Boscia albitrunca		ZA		Northern Cape	PRESENT		28eb1a3f-1c15-4a95-931a-4af90ecb574d	-29.286163	21.146227	10.0						2023-08-19T13:06	19	8	2023	5602556	5602556	HUMAN_OBSERVATION	iNaturalist	Observations	188367388		Craig Peter	2023-10-21T11:46:50	CC_BY_NC_4_0	Craig Peter	Craig Peter			2025-06-25T06:35:40.601Z	StillImage	COORDINATE_ROUNDED;CONTINENT_DERIVED_FROM_COORDINATES;TAXON_MATCH_TAXON_ID_IGNORED
5153537549	50c9509d-22c7-4a22-a47d-8c48425ef4a7	https://www.inaturalist.org/observations/188398456	Plantae	Tracheophyta	Magnoliopsida	Brassicales	Capparaceae	Boscia	Boscia albitrunca		SPECIES	Boscia albitrunca (Burch.) Gilg & Gilg-Ben.	Boscia albitrunca		ZA		Northern Cape	PRESENT		28eb1a3f-1c15-4a95-931a-4af90ecb574d	-29.276537	21.401222	10.0						2023-08-19T12:32	19	8	2023	5602556	5602556	HUMAN_OBSERVATION	iNaturalist	Observations	188398456		Craig Peter	2023-10-21T16:53:21	CC_BY_NC_4_0	Craig Peter	Craig Peter			2025-06-25T03:29:07.528Z	StillImage	COORDINATE_ROUNDED;CONTINENT_DERIVED_FROM_COORDINATES;TAXON_MATCH_TAXON_ID_IGNORED
5153334811	50c9509d-22c7-4a22-a47d-8c48425ef4a7	https://www.inaturalist.org/observations/279437559	Plantae	Tracheophyta	Liliopsida	Asparagales	Asphodelaceae	Aloidendron	Aloidendron dichotomum		SPECIES	Aloidendron dichotomum (Masson) Klopper & Gideon F.Sm.	Aloidendron dichotomum		ZA		Northern Cape	PRESENT		28eb1a3f-1c15-4a95-931a-4af90ecb574d	-29.309916	21.304166	29508.0						2023-08-23T09:58	23	8	2023	9485745	9485745	HUMAN_OBSERVATION	iNaturalist	Observations	279437559		Dale Holder	2025-05-08T11:34:50	CC0_1_0	Dale Holder	Dale Holder			2025-06-25T04:48:12.825Z	StillImage	COORDINATE_ROUNDED;CONTINENT_DERIVED_FROM_COORDINATES;TAXON_MATCH_TAXON_ID_IGNORED
5087035376	50c9509d-22c7-4a22-a47d-8c48425ef4a7	https://www.inaturalist.org/observations/182199205	Plantae	Tracheophyta	Magnoliopsida	Lamiales	Verbenaceae	Chascanum	Chascanum garipense		SPECIES	Chascanum garipense E.Mey.	Chascanum garipense		ZA		Northern Cape	PRESENT		28eb1a3f-1c15-4a95-931a-4af90ecb574d	-29.487389	20.797328	19.0						2023-04-19T10:48	19	4	2023	4085798	4085798	HUMAN_OBSERVATION	iNaturalist	Observations	182199205		tarryn_m	2023-09-07T15:55:08	CC_BY_NC_4_0	tarryn_m	tarryn_m			2025-06-25T01:58:54.193Z	StillImage	COORDINATE_ROUNDED;CONTINENT_DERIVED_FROM_COORDINATES;TAXON_MATCH_TAXON_ID_IGNORED
4953164505	50c9509d-22c7-4a22-a47d-8c48425ef4a7	https://www.inaturalist.org/observations/188398578	Plantae	Tracheophyta	Magnoliopsida	Fabales	Fabaceae	Vachellia	Vachellia erioloba		SPECIES	Vachellia erioloba (E.Mey.) P.J.H.Hurter	Vachellia erioloba		ZA		Northern Cape	PRESENT		28eb1a3f-1c15-4a95-931a-4af90ecb574d	-29.318906	21.155447	10.0						2023-08-19T13:02	19	8	2023	3974776	3974776	HUMAN_OBSERVATION	iNaturalist	Observations	188398578		Craig Peter	2023-10-21T16:53:56	CC_BY_NC_4_0	Craig Peter	Craig Peter			2025-06-25T01:59:56.049Z	StillImage	COORDINATE_ROUNDED;CONTINENT_DERIVED_FROM_COORDINATES;TAXON_MATCH_TAXON_ID_IGNORED
4953091315	50c9509d-22c7-4a22-a47d-8c48425ef4a7	https://www.inaturalist.org/observations/188367374	Plantae	Tracheophyta	Magnoliopsida	Fabales	Fabaceae	Vachellia	Vachellia erioloba		SPECIES	Vachellia erioloba (E.Mey.) P.J.H.Hurter	Vachellia erioloba		ZA		Northern Cape	PRESENT		28eb1a3f-1c15-4a95-931a-4af90ecb574d	-29.31007	21.156739	10.0						2023-08-19T13:03	19	8	2023	3974776	3974776	HUMAN_OBSERVATION	iNaturalist	Observations	188367374		Craig Peter	2023-10-21T11:46:44	CC_BY_NC_4_0	Craig Peter	Craig Peter			2025-06-25T01:59:53.078Z	StillImage	COORDINATE_ROUNDED;CONTINENT_DERIVED_FROM_COORDINATES;TAXON_MATCH_TAXON_ID_IGNORED
4952952980	50c9509d-22c7-4a22-a47d-8c48425ef4a7	https://www.inaturalist.org/observations/188163126	Plantae	Tracheophyta	Magnoliopsida	Fabales	Fabaceae	Vachellia	Vachellia erioloba		SPECIES	Vachellia erioloba (E.Mey.) P.J.H.Hurter	Vachellia erioloba		ZA		Northern Cape	PRESENT		28eb1a3f-1c15-4a95-931a-4af90ecb574d	-29.00735	20.754264	10.0						2023-08-19T14:00	19	8	2023	3974776	3974776	HUMAN_OBSERVATION	iNaturalist	Observations	188163126		Craig Peter	2023-10-19T17:50:13	CC_BY_NC_4_0	Craig Peter	Craig Peter			2025-06-25T01:59:49.606Z	StillImage	COORDINATE_ROUNDED;CONTINENT_DERIVED_FROM_COORDINATES;TAXON_MATCH_TAXON_ID_IGNORED
4952936554	50c9509d-22c7-4a22-a47d-8c48425ef4a7	https://www.inaturalist.org/observations/188367408	Plantae	Tracheophyta	Magnoliopsida	Fabales	Fabaceae	Vachellia	Vachellia erioloba		SPECIES	Vachellia erioloba (E.Mey.) P.J.H.Hurter	Vachellia erioloba		ZA		Northern Cape	PRESENT		28eb1a3f-1c15-4a95-931a-4af90ecb574d	-29.280829	21.12615	10.0						2023-08-19T13:07	19	8	2023	3974776	3974776	HUMAN_OBSERVATION	iNaturalist	Observations	188367408		Craig Peter	2023-10-21T11:46:53	CC_BY_NC_4_0	Craig Peter	Craig Peter			2025-06-25T03:29:07.982Z	StillImage	COORDINATE_ROUNDED;CONTINENT_DERIVED_FROM_COORDINATES;TAXON_MATCH_TAXON_ID_IGNORED
4952933408	50c9509d-22c7-4a22-a47d-8c48425ef4a7	https://www.inaturalist.org/observations/188163106	Plantae	Tracheophyta	Magnoliopsida	Fabales	Fabaceae	Vachellia	Vachellia erioloba		SPECIES	Vachellia erioloba (E.Mey.) P.J.H.Hurter	Vachellia erioloba		ZA		Northern Cape	PRESENT		28eb1a3f-1c15-4a95-931a-4af90ecb574d	-29.024783	20.770947	10.0						2023-08-19T13:58	19	8	2023	3974776	3974776	HUMAN_OBSERVATION	iNaturalist	Observations	188163106		Craig Peter	2023-10-19T17:50:02	CC_BY_NC_4_0	Craig Peter	Craig Peter			2025-06-25T04:27:36.585Z	StillImage	COORDINATE_ROUNDED;CONTINENT_DERIVED_FROM_COORDINATES;TAXON_MATCH_TAXON_ID_IGNORED
4952865169	50c9509d-22c7-4a22-a47d-8c48425ef4a7	https://www.inaturalist.org/observations/188163066	Plantae	Tracheophyta	Magnoliopsida	Fabales	Fabaceae	Vachellia	Vachellia erioloba		SPECIES	Vachellia erioloba (E.Mey.) P.J.H.Hurter	Vachellia erioloba		ZA		Northern Cape	PRESENT		28eb1a3f-1c15-4a95-931a-4af90ecb574d	-29.08624	20.808685	10.0						2023-08-19T13:39	19	8	2023	3974776	3974776	HUMAN_OBSERVATION	iNaturalist	Observations	188163066		Craig Peter	2023-10-19T17:49:47	CC_BY_NC_4_0	Craig Peter	Craig Peter			2025-06-25T02:37:49.002Z	StillImage	COORDINATE_ROUNDED;CONTINENT_DERIVED_FROM_COORDINATES;TAXON_MATCH_TAXON_ID_IGNORED
4952782941	50c9509d-22c7-4a22-a47d-8c48425ef4a7	https://www.inaturalist.org/observations/188163065	Plantae	Tracheophyta	Magnoliopsida	Fabales	Fabaceae	Vachellia	Vachellia erioloba		SPECIES	Vachellia erioloba (E.Mey.) P.J.H.Hurter	Vachellia erioloba		ZA		Northern Cape	PRESENT		28eb1a3f-1c15-4a95-931a-4af90ecb574d	-29.087548	20.809104	10.0						2023-08-19T13:39	19	8	2023	3974776	3974776	HUMAN_OBSERVATION	iNaturalist	Observations	188163065		Craig Peter	2023-10-19T17:49:47	CC_BY_NC_4_0	Craig Peter	Craig Peter			2025-06-25T02:37:42.170Z	StillImage	COORDINATE_ROUNDED;CONTINENT_DERIVED_FROM_COORDINATES;TAXON_MATCH_TAXON_ID_IGNORED
4952679490	50c9509d-22c7-4a22-a47d-8c48425ef4a7	https://www.inaturalist.org/observations/188367438	Plantae	Tracheophyta	Magnoliopsida	Fabales	Fabaceae	Vachellia	Vachellia erioloba		SPECIES	Vachellia erioloba (E.Mey.) P.J.H.Hurter	Vachellia erioloba		ZA		Northern Cape	PRESENT		28eb1a3f-1c15-4a95-931a-4af90ecb574d	-29.268443	21.084367	10.0						2023-08-19T13:11	19	8	2023	3974776	3974776	HUMAN_OBSERVATION	iNaturalist	Observations	188367438		Craig Peter	2023-10-21T11:47:03	CC_BY_NC_4_0	Craig Peter	Craig Peter			2025-06-25T04:27:40.860Z	StillImage	COORDINATE_ROUNDED;CONTINENT_DERIVED_FROM_COORDINATES;TAXON_MATCH_TAXON_ID_IGNORED
4952678340	50c9509d-22c7-4a22-a47d-8c48425ef4a7	https://www.inaturalist.org/observations/188367458	Plantae	Tracheophyta	Magnoliopsida	Fabales	Fabaceae	Vachellia	Vachellia erioloba		SPECIES	Vachellia erioloba (E.Mey.) P.J.H.Hurter	Vachellia erioloba		ZA		Northern Cape	PRESENT		28eb1a3f-1c15-4a95-931a-4af90ecb574d	-29.259811	21.060072	10.0						2023-08-19T13:13	19	8	2023	3974776	3974776	HUMAN_OBSERVATION	iNaturalist	Observations	188367458		Craig Peter	2023-10-21T11:47:13	CC_BY_NC_4_0	Craig Peter	Craig Peter			2025-06-25T04:27:38.303Z	StillImage	COORDINATE_ROUNDED;CONTINENT_DERIVED_FROM_COORDINATES;TAXON_MATCH_TAXON_ID_IGNORED
4952666758	50c9509d-22c7-4a22-a47d-8c48425ef4a7	https://www.inaturalist.org/observations/188367428	Plantae	Tracheophyta	Magnoliopsida	Fabales	Fabaceae	Vachellia	Vachellia erioloba		SPECIES	Vachellia erioloba (E.Mey.) P.J.H.Hurter	Vachellia erioloba		ZA		Northern Cape	PRESENT		28eb1a3f-1c15-4a95-931a-4af90ecb574d	-29.27373	21.101941	10.0						2023-08-19T13:10	19	8	2023	3974776	3974776	HUMAN_OBSERVATION	iNaturalist	Observations	188367428		Craig Peter	2023-10-21T11:47:00	CC_BY_NC_4_0	Craig Peter	Craig Peter			2025-06-25T04:27:38.975Z	StillImage	COORDINATE_ROUNDED;CONTINENT_DERIVED_FROM_COORDINATES;TAXON_MATCH_TAXON_ID_IGNORED
4952665562	50c9509d-22c7-4a22-a47d-8c48425ef4a7	https://www.inaturalist.org/observations/188367446	Plantae	Tracheophyta	Magnoliopsida	Fabales	Fabaceae	Vachellia	Vachellia erioloba		SPECIES	Vachellia erioloba (E.Mey.) P.J.H.Hurter	Vachellia erioloba		ZA		Northern Cape	PRESENT		28eb1a3f-1c15-4a95-931a-4af90ecb574d	-29.263471	21.070381	10.0						2023-08-19T13:12	19	8	2023	3974776	3974776	HUMAN_OBSERVATION	iNaturalist	Observations	188367446		Craig Peter	2023-10-21T11:47:07	CC_BY_NC_4_0	Craig Peter	Craig Peter			2025-06-25T04:27:35.206Z	StillImage	COORDINATE_ROUNDED;CONTINENT_DERIVED_FROM_COORDINATES;TAXON_MATCH_TAXON_ID_IGNORED
4952663042	50c9509d-22c7-4a22-a47d-8c48425ef4a7	https://www.inaturalist.org/observations/188367377	Plantae	Tracheophyta	Magnoliopsida	Fabales	Fabaceae	Vachellia	Vachellia erioloba		SPECIES	Vachellia erioloba (E.Mey.) P.J.H.Hurter	Vachellia erioloba		ZA		Northern Cape	PRESENT		28eb1a3f-1c15-4a95-931a-4af90ecb574d	-29.298643	21.158441	10.0						2023-08-19T13:03	19	8	2023	3974776	3974776	HUMAN_OBSERVATION	iNaturalist	Observations	188367377		Craig Peter	2023-10-21T11:46:46	CC_BY_NC_4_0	Craig Peter	Craig Peter			2025-06-25T01:59:52.086Z	StillImage	COORDINATE_ROUNDED;CONTINENT_DERIVED_FROM_COORDINATES;TAXON_MATCH_TAXON_ID_IGNORED
4952655430	50c9509d-22c7-4a22-a47d-8c48425ef4a7	https://www.inaturalist.org/observations/188367416	Plantae	Tracheophyta	Magnoliopsida	Fabales	Fabaceae	Vachellia	Vachellia erioloba		SPECIES	Vachellia erioloba (E.Mey.) P.J.H.Hurter	Vachellia erioloba		ZA		Northern Cape	PRESENT		28eb1a3f-1c15-4a95-931a-4af90ecb574d	-29.278316	21.11744	10.0						2023-08-19T13:08	19	8	2023	3974776	3974776	HUMAN_OBSERVATION	iNaturalist	Observations	188367416		Craig Peter	2023-10-21T11:46:55	CC_BY_NC_4_0	Craig Peter	Craig Peter			2025-06-25T04:27:37.540Z	StillImage	COORDINATE_ROUNDED;CONTINENT_DERIVED_FROM_COORDINATES;TAXON_MATCH_TAXON_ID_IGNORED
4952655429	50c9509d-22c7-4a22-a47d-8c48425ef4a7	https://www.inaturalist.org/observations/188367399	Plantae	Tracheophyta	Magnoliopsida	Fabales	Fabaceae	Vachellia	Vachellia erioloba		SPECIES	Vachellia erioloba (E.Mey.) P.J.H.Hurter	Vachellia erioloba		ZA		Northern Cape	PRESENT		28eb1a3f-1c15-4a95-931a-4af90ecb574d	-29.28263	21.132842	10.0						2023-08-19T13:07	19	8	2023	3974776	3974776	HUMAN_OBSERVATION	iNaturalist	Observations	188367399		Craig Peter	2023-10-21T11:46:51	CC_BY_NC_4_0	Craig Peter	Craig Peter			2025-06-25T02:36:48.740Z	StillImage	COORDINATE_ROUNDED;CONTINENT_DERIVED_FROM_COORDINATES;TAXON_MATCH_TAXON_ID_IGNORED
4952655426	50c9509d-22c7-4a22-a47d-8c48425ef4a7	https://www.inaturalist.org/observations/188163111	Plantae	Tracheophyta	Magnoliopsida	Fabales	Fabaceae	Vachellia	Vachellia erioloba		SPECIES	Vachellia erioloba (E.Mey.) P.J.H.Hurter	Vachellia erioloba		ZA		Northern Cape	PRESENT		28eb1a3f-1c15-4a95-931a-4af90ecb574d	-29.019039	20.766198	10.0						2023-08-19T13:59	19	8	2023	3974776	3974776	HUMAN_OBSERVATION	iNaturalist	Observations	188163111		Craig Peter	2023-10-19T17:50:04	CC_BY_NC_4_0	Craig Peter	Craig Peter			2025-06-25T05:34:07.922Z	StillImage	COORDINATE_ROUNDED;CONTINENT_DERIVED_FROM_COORDINATES;TAXON_MATCH_TAXON_ID_IGNORED
4952650278	50c9509d-22c7-4a22-a47d-8c48425ef4a7	https://www.inaturalist.org/observations/188367441	Plantae	Tracheophyta	Magnoliopsida	Fabales	Fabaceae	Vachellia	Vachellia erioloba		SPECIES	Vachellia erioloba (E.Mey.) P.J.H.Hurter	Vachellia erioloba		ZA		Northern Cape	PRESENT		28eb1a3f-1c15-4a95-931a-4af90ecb574d	-29.264966	21.074576	10.0						2023-08-19T13:12	19	8	2023	3974776	3974776	HUMAN_OBSERVATION	iNaturalist	Observations	188367441		Craig Peter	2023-10-21T11:47:05	CC_BY_NC_4_0	Craig Peter	Craig Peter			2025-06-25T04:27:37.419Z	StillImage	COORDINATE_ROUNDED;CONTINENT_DERIVED_FROM_COORDINATES;TAXON_MATCH_TAXON_ID_IGNORED
4952647788	50c9509d-22c7-4a22-a47d-8c48425ef4a7	https://www.inaturalist.org/observations/188367417	Plantae	Tracheophyta	Magnoliopsida	Fabales	Fabaceae	Vachellia	Vachellia erioloba		SPECIES	Vachellia erioloba (E.Mey.) P.J.H.Hurter	Vachellia erioloba		ZA		Northern Cape	PRESENT		28eb1a3f-1c15-4a95-931a-4af90ecb574d	-29.278041	21.116496	10.0						2023-08-19T13:08	19	8	2023	3974776	3974776	HUMAN_OBSERVATION	iNaturalist	Observations	188367417		Craig Peter	2023-10-21T11:46:56	CC_BY_NC_4_0	Craig Peter	Craig Peter			2025-06-25T04:27:41.413Z	StillImage	COORDINATE_ROUNDED;CONTINENT_DERIVED_FROM_COORDINATES;TAXON_MATCH_TAXON_ID_IGNORED
4952608452	50c9509d-22c7-4a22-a47d-8c48425ef4a7	https://www.inaturalist.org/observations/188367450	Plantae	Tracheophyta	Magnoliopsida	Fabales	Fabaceae	Vachellia	Vachellia erioloba		SPECIES	Vachellia erioloba (E.Mey.) P.J.H.Hurter	Vachellia erioloba		ZA		Northern Cape	PRESENT		28eb1a3f-1c15-4a95-931a-4af90ecb574d	-29.263317	21.069945	10.0						2023-08-19T13:12	19	8	2023	3974776	3974776	HUMAN_OBSERVATION	iNaturalist	Observations	188367450		Craig Peter	2023-10-21T11:47:09	CC_BY_NC_4_0	Craig Peter	Craig Peter			2025-06-25T04:27:52.229Z	StillImage	COORDINATE_ROUNDED;CONTINENT_DERIVED_FROM_COORDINATES;TAXON_MATCH_TAXON_ID_IGNORED
4952561619	50c9509d-22c7-4a22-a47d-8c48425ef4a7	https://www.inaturalist.org/observations/188398568	Plantae	Tracheophyta	Magnoliopsida	Fabales	Fabaceae	Vachellia	Vachellia erioloba		SPECIES	Vachellia erioloba (E.Mey.) P.J.H.Hurter	Vachellia erioloba		ZA		Northern Cape	PRESENT		28eb1a3f-1c15-4a95-931a-4af90ecb574d	-29.330073	21.153832	10.0						2023-08-19T13:01	19	8	2023	3974776	3974776	HUMAN_OBSERVATION	iNaturalist	Observations	188398568		Craig Peter	2023-10-21T16:53:52	CC_BY_NC_4_0	Craig Peter	Craig Peter			2025-06-25T03:29:08.222Z	StillImage	COORDINATE_ROUNDED;CONTINENT_DERIVED_FROM_COORDINATES;TAXON_MATCH_TAXON_ID_IGNORED
4952561618	50c9509d-22c7-4a22-a47d-8c48425ef4a7	https://www.inaturalist.org/observations/188367449	Plantae	Tracheophyta	Magnoliopsida	Fabales	Fabaceae	Vachellia	Vachellia erioloba		SPECIES	Vachellia erioloba (E.Mey.) P.J.H.Hurter	Vachellia erioloba		ZA		Northern Cape	PRESENT		28eb1a3f-1c15-4a95-931a-4af90ecb574d	-29.262469	21.067565	10.0						2023-08-19T13:12	19	8	2023	3974776	3974776	HUMAN_OBSERVATION	iNaturalist	Observations	188367449		Craig Peter	2023-10-21T11:47:09	CC_BY_NC_4_0	Craig Peter	Craig Peter			2025-06-25T04:27:37.886Z	StillImage	COORDINATE_ROUNDED;CONTINENT_DERIVED_FROM_COORDINATES;TAXON_MATCH_TAXON_ID_IGNORED
4952515988	50c9509d-22c7-4a22-a47d-8c48425ef4a7	https://www.inaturalist.org/observations/188367422	Plantae	Tracheophyta	Magnoliopsida	Fabales	Fabaceae	Vachellia	Vachellia erioloba		SPECIES	Vachellia erioloba (E.Mey.) P.J.H.Hurter	Vachellia erioloba		ZA		Northern Cape	PRESENT		28eb1a3f-1c15-4a95-931a-4af90ecb574d	-29.277775	21.115589	10.0						2023-08-19T13:08	19	8	2023	3974776	3974776	HUMAN_OBSERVATION	iNaturalist	Observations	188367422		Craig Peter	2023-10-21T11:46:57	CC_BY_NC_4_0	Craig Peter	Craig Peter			2025-06-25T04:27:38.708Z	StillImage	COORDINATE_ROUNDED;CONTINENT_DERIVED_FROM_COORDINATES;TAXON_MATCH_TAXON_ID_IGNORED
4952491973	50c9509d-22c7-4a22-a47d-8c48425ef4a7	https://www.inaturalist.org/observations/188367463	Plantae	Tracheophyta	Magnoliopsida	Fabales	Fabaceae	Vachellia	Vachellia erioloba		SPECIES	Vachellia erioloba (E.Mey.) P.J.H.Hurter	Vachellia erioloba		ZA		Northern Cape	PRESENT		28eb1a3f-1c15-4a95-931a-4af90ecb574d	-29.259011	21.057851	10.0						2023-08-19T13:13	19	8	2023	3974776	3974776	HUMAN_OBSERVATION	iNaturalist	Observations	188367463		Craig Peter	2023-10-21T11:47:22	CC_BY_NC_4_0	Craig Peter	Craig Peter			2025-06-25T05:34:14.036Z	StillImage	COORDINATE_ROUNDED;CONTINENT_DERIVED_FROM_COORDINATES;TAXON_MATCH_TAXON_ID_IGNORED
4952468921	50c9509d-22c7-4a22-a47d-8c48425ef4a7	https://www.inaturalist.org/observations/188367425	Plantae	Tracheophyta	Magnoliopsida	Fabales	Fabaceae	Vachellia	Vachellia erioloba		SPECIES	Vachellia erioloba (E.Mey.) P.J.H.Hurter	Vachellia erioloba		ZA		Northern Cape	PRESENT		28eb1a3f-1c15-4a95-931a-4af90ecb574d	-29.276365	21.11085	10.0						2023-08-19T13:09	19	8	2023	3974776	3974776	HUMAN_OBSERVATION	iNaturalist	Observations	188367425		Craig Peter	2023-10-21T11:46:59	CC_BY_NC_4_0	Craig Peter	Craig Peter			2025-06-25T01:59:55.978Z	StillImage	COORDINATE_ROUNDED;CONTINENT_DERIVED_FROM_COORDINATES;TAXON_MATCH_TAXON_ID_IGNORED
4952433553	50c9509d-22c7-4a22-a47d-8c48425ef4a7	https://www.inaturalist.org/observations/188367402	Plantae	Tracheophyta	Magnoliopsida	Fabales	Fabaceae	Vachellia	Vachellia erioloba		SPECIES	Vachellia erioloba (E.Mey.) P.J.H.Hurter	Vachellia erioloba		ZA		Northern Cape	PRESENT		28eb1a3f-1c15-4a95-931a-4af90ecb574d	-29.281672	21.129302	10.0						2023-08-19T13:07	19	8	2023	3974776	3974776	HUMAN_OBSERVATION	iNaturalist	Observations	188367402		Craig Peter	2023-10-21T11:46:52	CC_BY_NC_4_0	Craig Peter	Craig Peter			2025-06-25T03:29:06.745Z	StillImage	COORDINATE_ROUNDED;CONTINENT_DERIVED_FROM_COORDINATES;TAXON_MATCH_TAXON_ID_IGNORED
4952433552	50c9509d-22c7-4a22-a47d-8c48425ef4a7	https://www.inaturalist.org/observations/188367385	Plantae	Tracheophyta	Magnoliopsida	Fabales	Fabaceae	Vachellia	Vachellia erioloba		SPECIES	Vachellia erioloba (E.Mey.) P.J.H.Hurter	Vachellia erioloba		ZA		Northern Cape	PRESENT		28eb1a3f-1c15-4a95-931a-4af90ecb574d	-29.286747	21.148414	10.0						2023-08-19T13:05	19	8	2023	3974776	3974776	HUMAN_OBSERVATION	iNaturalist	Observations	188367385		Craig Peter	2023-10-21T11:46:49	CC_BY_NC_4_0	Craig Peter	Craig Peter			2025-06-25T06:35:44.956Z	StillImage	COORDINATE_ROUNDED;CONTINENT_DERIVED_FROM_COORDINATES;TAXON_MATCH_TAXON_ID_IGNORED
4952408130	50c9509d-22c7-4a22-a47d-8c48425ef4a7	https://www.inaturalist.org/observations/188163125	Plantae	Tracheophyta	Magnoliopsida	Fabales	Fabaceae	Vachellia	Vachellia erioloba		SPECIES	Vachellia erioloba (E.Mey.) P.J.H.Hurter	Vachellia erioloba		ZA		Northern Cape	PRESENT		28eb1a3f-1c15-4a95-931a-4af90ecb574d	-29.008207	20.755167	10.0						2023-08-19T14:00	19	8	2023	3974776	3974776	HUMAN_OBSERVATION	iNaturalist	Observations	188163125		Craig Peter	2023-10-19T17:50:12	CC_BY_NC_4_0	Craig Peter	Craig Peter			2025-06-25T06:35:37.022Z	StillImage	COORDINATE_ROUNDED;CONTINENT_DERIVED_FROM_COORDINATES;TAXON_MATCH_TAXON_ID_IGNORED
4952375141	50c9509d-22c7-4a22-a47d-8c48425ef4a7	https://www.inaturalist.org/observations/188367455	Plantae	Tracheophyta	Magnoliopsida	Fabales	Fabaceae	Vachellia	Vachellia erioloba		SPECIES	Vachellia erioloba (E.Mey.) P.J.H.Hurter	Vachellia erioloba		ZA		Northern Cape	PRESENT		28eb1a3f-1c15-4a95-931a-4af90ecb574d	-29.259889	21.060289	10.0						2023-08-19T13:13	19	8	2023	3974776	3974776	HUMAN_OBSERVATION	iNaturalist	Observations	188367455		Craig Peter	2023-10-21T11:47:12	CC_BY_NC_4_0	Craig Peter	Craig Peter			2025-06-25T04:27:39.760Z	StillImage	COORDINATE_ROUNDED;CONTINENT_DERIVED_FROM_COORDINATES;TAXON_MATCH_TAXON_ID_IGNORED
4952332653	50c9509d-22c7-4a22-a47d-8c48425ef4a7	https://www.inaturalist.org/observations/188398572	Plantae	Tracheophyta	Magnoliopsida	Fabales	Fabaceae	Vachellia	Vachellia erioloba		SPECIES	Vachellia erioloba (E.Mey.) P.J.H.Hurter	Vachellia erioloba		ZA		Northern Cape	PRESENT		28eb1a3f-1c15-4a95-931a-4af90ecb574d	-29.329875	21.153856	10.0						2023-08-19T13:01	19	8	2023	3974776	3974776	HUMAN_OBSERVATION	iNaturalist	Observations	188398572		Craig Peter	2023-10-21T16:53:54	CC_BY_NC_4_0	Craig Peter	Craig Peter			2025-06-25T04:27:43.570Z	StillImage	COORDINATE_ROUNDED;CONTINENT_DERIVED_FROM_COORDINATES;TAXON_MATCH_TAXON_ID_IGNORED
4952327436	50c9509d-22c7-4a22-a47d-8c48425ef4a7	https://www.inaturalist.org/observations/188367424	Plantae	Tracheophyta	Magnoliopsida	Fabales	Fabaceae	Vachellia	Vachellia erioloba		SPECIES	Vachellia erioloba (E.Mey.) P.J.H.Hurter	Vachellia erioloba		ZA		Northern Cape	PRESENT		28eb1a3f-1c15-4a95-931a-4af90ecb574d	-29.276926	21.112703	10.0						2023-08-19T13:09	19	8	2023	3974776	3974776	HUMAN_OBSERVATION	iNaturalist	Observations	188367424		Craig Peter	2023-10-21T11:46:58	CC_BY_NC_4_0	Craig Peter	Craig Peter			2025-06-25T04:27:41.749Z	StillImage	COORDINATE_ROUNDED;CONTINENT_DERIVED_FROM_COORDINATES;TAXON_MATCH_TAXON_ID_IGNORED
4952294843	50c9509d-22c7-4a22-a47d-8c48425ef4a7	https://www.inaturalist.org/observations/188367382	Plantae	Tracheophyta	Magnoliopsida	Fabales	Fabaceae	Vachellia	Vachellia erioloba		SPECIES	Vachellia erioloba (E.Mey.) P.J.H.Hurter	Vachellia erioloba		ZA		Northern Cape	PRESENT		28eb1a3f-1c15-4a95-931a-4af90ecb574d	-29.287807	21.152246	10.0						2023-08-19T13:05	19	8	2023	3974776	3974776	HUMAN_OBSERVATION	iNaturalist	Observations	188367382		Craig Peter	2023-10-21T11:46:47	CC_BY_NC_4_0	Craig Peter	Craig Peter			2025-06-25T02:37:38.592Z	StillImage	COORDINATE_ROUNDED;CONTINENT_DERIVED_FROM_COORDINATES;TAXON_MATCH_TAXON_ID_IGNORED
4952286677	50c9509d-22c7-4a22-a47d-8c48425ef4a7	https://www.inaturalist.org/observations/188367451	Plantae	Tracheophyta	Magnoliopsida	Fabales	Fabaceae	Vachellia	Vachellia erioloba		SPECIES	Vachellia erioloba (E.Mey.) P.J.H.Hurter	Vachellia erioloba		ZA		Northern Cape	PRESENT		28eb1a3f-1c15-4a95-931a-4af90ecb574d	-29.261215	21.064022	10.0						2023-08-19T13:12	19	8	2023	3974776	3974776	HUMAN_OBSERVATION	iNaturalist	Observations	188367451		Craig Peter	2023-10-21T11:47:09	CC_BY_NC_4_0	Craig Peter	Craig Peter			2025-06-25T01:59:53.304Z	StillImage	COORDINATE_ROUNDED;CONTINENT_DERIVED_FROM_COORDINATES;TAXON_MATCH_TAXON_ID_IGNORED
4952262088	50c9509d-22c7-4a22-a47d-8c48425ef4a7	https://www.inaturalist.org/observations/188163115	Plantae	Tracheophyta	Magnoliopsida	Fabales	Fabaceae	Vachellia	Vachellia erioloba		SPECIES	Vachellia erioloba (E.Mey.) P.J.H.Hurter	Vachellia erioloba		ZA		Northern Cape	PRESENT		28eb1a3f-1c15-4a95-931a-4af90ecb574d	-29.011118	20.759362	10.0						2023-08-19T14:00	19	8	2023	3974776	3974776	HUMAN_OBSERVATION	iNaturalist	Observations	188163115		Craig Peter	2023-10-19T17:50:06	CC_BY_NC_4_0	Craig Peter	Craig Peter			2025-06-25T01:59:48.602Z	StillImage	COORDINATE_ROUNDED;CONTINENT_DERIVED_FROM_COORDINATES;TAXON_MATCH_TAXON_ID_IGNORED
4952259421	50c9509d-22c7-4a22-a47d-8c48425ef4a7	https://www.inaturalist.org/observations/188367426	Plantae	Tracheophyta	Magnoliopsida	Fabales	Fabaceae	Vachellia	Vachellia erioloba		SPECIES	Vachellia erioloba (E.Mey.) P.J.H.Hurter	Vachellia erioloba		ZA		Northern Cape	PRESENT		28eb1a3f-1c15-4a95-931a-4af90ecb574d	-29.27556	21.108075	10.0						2023-08-19T13:09	19	8	2023	3974776	3974776	HUMAN_OBSERVATION	iNaturalist	Observations	188367426		Craig Peter	2023-10-21T11:46:59	CC_BY_NC_4_0	Craig Peter	Craig Peter			2025-06-25T04:27:36.236Z	StillImage	COORDINATE_ROUNDED;CONTINENT_DERIVED_FROM_COORDINATES;TAXON_MATCH_TAXON_ID_IGNORED
4952224566	50c9509d-22c7-4a22-a47d-8c48425ef4a7	https://www.inaturalist.org/observations/188367440	Plantae	Tracheophyta	Magnoliopsida	Fabales	Fabaceae	Vachellia	Vachellia erioloba		SPECIES	Vachellia erioloba (E.Mey.) P.J.H.Hurter	Vachellia erioloba		ZA		Northern Cape	PRESENT		28eb1a3f-1c15-4a95-931a-4af90ecb574d	-29.266091	21.077722	10.0						2023-08-19T13:11	19	8	2023	3974776	3974776	HUMAN_OBSERVATION	iNaturalist	Observations	188367440		Craig Peter	2023-10-21T11:47:05	CC_BY_NC_4_0	Craig Peter	Craig Peter			2025-06-25T04:27:40.348Z	StillImage	COORDINATE_ROUNDED;CONTINENT_DERIVED_FROM_COORDINATES;TAXON_MATCH_TAXON_ID_IGNORED
4952190990	50c9509d-22c7-4a22-a47d-8c48425ef4a7	https://www.inaturalist.org/observations/188367437	Plantae	Tracheophyta	Magnoliopsida	Fabales	Fabaceae	Vachellia	Vachellia erioloba		SPECIES	Vachellia erioloba (E.Mey.) P.J.H.Hurter	Vachellia erioloba		ZA		Northern Cape	PRESENT		28eb1a3f-1c15-4a95-931a-4af90ecb574d	-29.26982	21.088759	10.0						2023-08-19T13:11	19	8	2023	3974776	3974776	HUMAN_OBSERVATION	iNaturalist	Observations	188367437		Craig Peter	2023-10-21T11:47:03	CC_BY_NC_4_0	Craig Peter	Craig Peter			2025-06-25T06:35:41.563Z	StillImage	COORDINATE_ROUNDED;CONTINENT_DERIVED_FROM_COORDINATES;TAXON_MATCH_TAXON_ID_IGNORED
4952190987	50c9509d-22c7-4a22-a47d-8c48425ef4a7	https://www.inaturalist.org/observations/188163132	Plantae	Tracheophyta	Magnoliopsida	Fabales	Fabaceae	Vachellia	Vachellia erioloba		SPECIES	Vachellia erioloba (E.Mey.) P.J.H.Hurter	Vachellia erioloba		ZA		Northern Cape	PRESENT		28eb1a3f-1c15-4a95-931a-4af90ecb574d	-29.001209	20.74776	10.0						2023-08-19T14:01	19	8	2023	3974776	3974776	HUMAN_OBSERVATION	iNaturalist	Observations	188163132		Craig Peter	2023-10-19T17:50:16	CC_BY_NC_4_0	Craig Peter	Craig Peter			2025-06-25T06:35:32.676Z	StillImage	COORDINATE_ROUNDED;CONTINENT_DERIVED_FROM_COORDINATES;TAXON_MATCH_TAXON_ID_IGNORED
4952183407	50c9509d-22c7-4a22-a47d-8c48425ef4a7	https://www.inaturalist.org/observations/188163110	Plantae	Tracheophyta	Magnoliopsida	Fabales	Fabaceae	Vachellia	Vachellia erioloba		SPECIES	Vachellia erioloba (E.Mey.) P.J.H.Hurter	Vachellia erioloba		ZA		Northern Cape	PRESENT		28eb1a3f-1c15-4a95-931a-4af90ecb574d	-29.019361	20.766467	10.0						2023-08-19T13:59	19	8	2023	3974776	3974776	HUMAN_OBSERVATION	iNaturalist	Observations	188163110		Craig Peter	2023-10-19T17:50:04	CC_BY_NC_4_0	Craig Peter	Craig Peter			2025-06-25T01:59:50.705Z	StillImage	COORDINATE_ROUNDED;CONTINENT_DERIVED_FROM_COORDINATES;TAXON_MATCH_TAXON_ID_IGNORED
4924263969	33d2957c-ae61-470a-b06e-b36bb3094f61	188398550	Plantae	Tracheophyta	Liliopsida	Asparagales	Asphodelaceae	Aloidendron	Aloidendron dichotomum		SPECIES	Aloidendron dichotomum (Masson) Klopper & Gideon F.Sm.	Aloidendron dichotomum		ZA		Northern Cape	PRESENT	1	c5f7ef70-e233-11d9-a4d6-b8a03c50a862	-29.394648	21.034932	10.0						2023-08-19	19	8	2023	9485745	9485745	HUMAN_OBSERVATION	US	Tree planting					CC_BY_4_0				native	2025-01-31T19:19:00.920Z		COORDINATE_ROUNDED;OCCURRENCE_STATUS_INFERRED_FROM_INDIVIDUAL_COUNT
4924263964	33d2957c-ae61-470a-b06e-b36bb3094f61	188398553	Plantae	Tracheophyta	Liliopsida	Asparagales	Asphodelaceae	Aloidendron	Aloidendron dichotomum		SPECIES	Aloidendron dichotomum (Masson) Klopper & Gideon F.Sm.	Aloidendron dichotomum		ZA		Northern Cape	PRESENT	1	c5f7ef70-e233-11d9-a4d6-b8a03c50a862	-29.385979	21.184034	10.0						2023-08-19	19	8	2023	9485745	9485745	HUMAN_OBSERVATION	US	Tree planting					CC_BY_4_0				native	2025-01-31T19:19:00.909Z		COORDINATE_ROUNDED;OCCURRENCE_STATUS_INFERRED_FROM_INDIVIDUAL_COUNT
4909289531	50c9509d-22c7-4a22-a47d-8c48425ef4a7	https://www.inaturalist.org/observations/188368526	Plantae	Tracheophyta	Magnoliopsida	Fabales	Fabaceae	Vachellia	Vachellia erioloba		SPECIES	Vachellia erioloba (E.Mey.) P.J.H.Hurter	Vachellia erioloba		ZA		Northern Cape	PRESENT		28eb1a3f-1c15-4a95-931a-4af90ecb574d	-29.17323	20.881963	10.0						2023-08-19T13:29	19	8	2023	3974776	3974776	HUMAN_OBSERVATION	iNaturalist	Observations	188368526		Craig Peter	2023-10-21T12:01:01	CC_BY_NC_4_0	Craig Peter	Craig Peter			2025-06-25T02:37:38.500Z	StillImage	COORDINATE_ROUNDED;CONTINENT_DERIVED_FROM_COORDINATES;TAXON_MATCH_TAXON_ID_IGNORED
4909197941	50c9509d-22c7-4a22-a47d-8c48425ef4a7	https://www.inaturalist.org/observations/188367915	Plantae	Tracheophyta	Magnoliopsida	Fabales	Fabaceae	Vachellia	Vachellia erioloba		SPECIES	Vachellia erioloba (E.Mey.) P.J.H.Hurter	Vachellia erioloba		ZA		Northern Cape	PRESENT		28eb1a3f-1c15-4a95-931a-4af90ecb574d	-29.227692	20.995532	10.0						2023-08-19T13:18	19	8	2023	3974776	3974776	HUMAN_OBSERVATION	iNaturalist	Observations	188367915		Craig Peter	2023-10-21T11:51:54	CC_BY_NC_4_0	Craig Peter	Craig Peter			2025-06-25T02:37:45.037Z	StillImage	COORDINATE_ROUNDED;CONTINENT_DERIVED_FROM_COORDINATES;TAXON_MATCH_TAXON_ID_IGNORED
4909192351	50c9509d-22c7-4a22-a47d-8c48425ef4a7	https://www.inaturalist.org/observations/188367601	Plantae	Tracheophyta	Magnoliopsida	Fabales	Fabaceae	Vachellia	Vachellia erioloba		SPECIES	Vachellia erioloba (E.Mey.) P.J.H.Hurter	Vachellia erioloba		ZA		Northern Cape	PRESENT		28eb1a3f-1c15-4a95-931a-4af90ecb574d	-29.257389	21.053396	10.0						2023-08-19T13:13	19	8	2023	3974776	3974776	HUMAN_OBSERVATION	iNaturalist	Observations	188367601		Craig Peter	2023-10-21T11:49:09	CC_BY_NC_4_0	Craig Peter	Craig Peter			2025-06-25T03:29:06.438Z	StillImage	COORDINATE_ROUNDED;CONTINENT_DERIVED_FROM_COORDINATES;TAXON_MATCH_TAXON_ID_IGNORED
4909132309	50c9509d-22c7-4a22-a47d-8c48425ef4a7	https://www.inaturalist.org/observations/188367889	Plantae	Tracheophyta	Magnoliopsida	Fabales	Fabaceae	Vachellia	Vachellia erioloba		SPECIES	Vachellia erioloba (E.Mey.) P.J.H.Hurter	Vachellia erioloba		ZA		Northern Cape	PRESENT		28eb1a3f-1c15-4a95-931a-4af90ecb574d	-29.229432	20.999293	10.0						2023-08-19T13:18	19	8	2023	3974776	3974776	HUMAN_OBSERVATION	iNaturalist	Observations	188367889		Craig Peter	2023-10-21T11:51:28	CC_BY_NC_4_0	Craig Peter	Craig Peter			2025-06-25T04:27:40.864Z	StillImage	COORDINATE_ROUNDED;CONTINENT_DERIVED_FROM_COORDINATES;TAXON_MATCH_TAXON_ID_IGNORED
4909107877	50c9509d-22c7-4a22-a47d-8c48425ef4a7	https://www.inaturalist.org/observations/188398559	Plantae	Tracheophyta	Magnoliopsida	Fabales	Fabaceae	Vachellia	Vachellia erioloba		SPECIES	Vachellia erioloba (E.Mey.) P.J.H.Hurter	Vachellia erioloba		ZA		Northern Cape	PRESENT		28eb1a3f-1c15-4a95-931a-4af90ecb574d	-29.348883	21.158676	10.0						2023-08-19T12:58	19	8	2023	3974776	3974776	HUMAN_OBSERVATION	iNaturalist	Observations	188398559		Craig Peter	2023-10-21T16:53:50	CC_BY_NC_4_0	Craig Peter	Craig Peter			2025-06-25T03:29:06.840Z	StillImage	COORDINATE_ROUNDED;CONTINENT_DERIVED_FROM_COORDINATES;TAXON_MATCH_TAXON_ID_IGNORED
4908957525	50c9509d-22c7-4a22-a47d-8c48425ef4a7	https://www.inaturalist.org/observations/188367696	Plantae	Tracheophyta	Magnoliopsida	Fabales	Fabaceae	Vachellia	Vachellia erioloba		SPECIES	Vachellia erioloba (E.Mey.) P.J.H.Hurter	Vachellia erioloba		ZA		Northern Cape	PRESENT		28eb1a3f-1c15-4a95-931a-4af90ecb574d	-29.251742	21.037839	10.0						2023-08-19T13:14	19	8	2023	3974776	3974776	HUMAN_OBSERVATION	iNaturalist	Observations	188367696		Craig Peter	2023-10-21T11:50:19	CC_BY_NC_4_0	Craig Peter	Craig Peter			2025-06-25T06:35:36.815Z	StillImage	COORDINATE_ROUNDED;CONTINENT_DERIVED_FROM_COORDINATES;TAXON_MATCH_TAXON_ID_IGNORED
4908951913	50c9509d-22c7-4a22-a47d-8c48425ef4a7	https://www.inaturalist.org/observations/188367722	Plantae	Tracheophyta	Magnoliopsida	Fabales	Fabaceae	Vachellia	Vachellia erioloba		SPECIES	Vachellia erioloba (E.Mey.) P.J.H.Hurter	Vachellia erioloba		ZA		Northern Cape	PRESENT		28eb1a3f-1c15-4a95-931a-4af90ecb574d	-29.239181	21.018472	10.0						2023-08-19T13:16	19	8	2023	3974776	3974776	HUMAN_OBSERVATION	iNaturalist	Observations	188367722		Craig Peter	2023-10-21T11:50:25	CC_BY_NC_4_0	Craig Peter	Craig Peter			2025-06-25T06:35:41.952Z	StillImage	COORDINATE_ROUNDED;CONTINENT_DERIVED_FROM_COORDINATES;TAXON_MATCH_TAXON_ID_IGNORED
4908783075	50c9509d-22c7-4a22-a47d-8c48425ef4a7	https://www.inaturalist.org/observations/188367816	Plantae	Tracheophyta	Magnoliopsida	Fabales	Fabaceae	Vachellia	Vachellia erioloba		SPECIES	Vachellia erioloba (E.Mey.) P.J.H.Hurter	Vachellia erioloba		ZA		Northern Cape	PRESENT		28eb1a3f-1c15-4a95-931a-4af90ecb574d	-29.234323	21.009794	10.0						2023-08-19T13:17	19	8	2023	3974776	3974776	HUMAN_OBSERVATION	iNaturalist	Observations	188367816		Craig Peter	2023-10-21T11:50:54	CC_BY_NC_4_0	Craig Peter	Craig Peter			2025-06-25T02:37:44.318Z	StillImage	COORDINATE_ROUNDED;CONTINENT_DERIVED_FROM_COORDINATES;TAXON_MATCH_TAXON_ID_IGNORED
4908723871	50c9509d-22c7-4a22-a47d-8c48425ef4a7	https://www.inaturalist.org/observations/188367732	Plantae	Tracheophyta	Magnoliopsida	Fabales	Fabaceae	Vachellia	Vachellia erioloba		SPECIES	Vachellia erioloba (E.Mey.) P.J.H.Hurter	Vachellia erioloba		ZA		Northern Cape	PRESENT		28eb1a3f-1c15-4a95-931a-4af90ecb574d	-29.236224	21.013909	10.0						2023-08-19T13:17	19	8	2023	3974776	3974776	HUMAN_OBSERVATION	iNaturalist	Observations	188367732		Craig Peter	2023-10-21T11:50:27	CC_BY_NC_4_0	Craig Peter	Craig Peter			2025-06-25T03:29:07.647Z	StillImage	COORDINATE_ROUNDED;CONTINENT_DERIVED_FROM_COORDINATES;TAXON_MATCH_TAXON_ID_IGNORED
4908671365	50c9509d-22c7-4a22-a47d-8c48425ef4a7	https://www.inaturalist.org/observations/188367719	Plantae	Tracheophyta	Magnoliopsida	Fabales	Fabaceae	Vachellia	Vachellia erioloba		SPECIES	Vachellia erioloba (E.Mey.) P.J.H.Hurter	Vachellia erioloba		ZA		Northern Cape	PRESENT		28eb1a3f-1c15-4a95-931a-4af90ecb574d	-29.243225	21.024556	10.0						2023-08-19T13:16	19	8	2023	3974776	3974776	HUMAN_OBSERVATION	iNaturalist	Observations	188367719		Craig Peter	2023-10-21T11:50:24	CC_BY_NC_4_0	Craig Peter	Craig Peter			2025-06-25T03:29:06.450Z	StillImage	COORDINATE_ROUNDED;CONTINENT_DERIVED_FROM_COORDINATES;TAXON_MATCH_TAXON_ID_IGNORED
4908621623	50c9509d-22c7-4a22-a47d-8c48425ef4a7	https://www.inaturalist.org/observations/188367979	Plantae	Tracheophyta	Magnoliopsida	Fabales	Fabaceae	Vachellia	Vachellia erioloba		SPECIES	Vachellia erioloba (E.Mey.) P.J.H.Hurter	Vachellia erioloba		ZA		Northern Cape	PRESENT		28eb1a3f-1c15-4a95-931a-4af90ecb574d	-29.226389	20.99272	10.0						2023-08-19T13:18	19	8	2023	3974776	3974776	HUMAN_OBSERVATION	iNaturalist	Observations	188367979		Craig Peter	2023-10-21T11:52:23	CC_BY_NC_4_0	Craig Peter	Craig Peter			2025-06-25T03:29:07.056Z	StillImage	COORDINATE_ROUNDED;CONTINENT_DERIVED_FROM_COORDINATES;TAXON_MATCH_TAXON_ID_IGNORED
4908567428	50c9509d-22c7-4a22-a47d-8c48425ef4a7	https://www.inaturalist.org/observations/188367778	Plantae	Tracheophyta	Magnoliopsida	Fabales	Fabaceae	Vachellia	Vachellia erioloba		SPECIES	Vachellia erioloba (E.Mey.) P.J.H.Hurter	Vachellia erioloba		ZA		Northern Cape	PRESENT		28eb1a3f-1c15-4a95-931a-4af90ecb574d	-29.235393	21.012106	10.0						2023-08-19T13:17	19	8	2023	3974776	3974776	HUMAN_OBSERVATION	iNaturalist	Observations	188367778		Craig Peter	2023-10-21T11:50:43	CC_BY_NC_4_0	Craig Peter	Craig Peter			2025-06-25T04:27:37.476Z	StillImage	COORDINATE_ROUNDED;CONTINENT_DERIVED_FROM_COORDINATES;TAXON_MATCH_TAXON_ID_IGNORED
4908518009	50c9509d-22c7-4a22-a47d-8c48425ef4a7	https://www.inaturalist.org/observations/188367710	Plantae	Tracheophyta	Magnoliopsida	Fabales	Fabaceae	Vachellia	Vachellia erioloba		SPECIES	Vachellia erioloba (E.Mey.) P.J.H.Hurter	Vachellia erioloba		ZA		Northern Cape	PRESENT		28eb1a3f-1c15-4a95-931a-4af90ecb574d	-29.246989	21.030277	10.0						2023-08-19T13:15	19	8	2023	3974776	3974776	HUMAN_OBSERVATION	iNaturalist	Observations	188367710		Craig Peter	2023-10-21T11:50:22	CC_BY_NC_4_0	Craig Peter	Craig Peter			2025-06-25T03:29:06.527Z	StillImage	COORDINATE_ROUNDED;CONTINENT_DERIVED_FROM_COORDINATES;TAXON_MATCH_TAXON_ID_IGNORED
4908358270	50c9509d-22c7-4a22-a47d-8c48425ef4a7	https://www.inaturalist.org/observations/188367549	Plantae	Tracheophyta	Magnoliopsida	Fabales	Fabaceae	Vachellia	Vachellia erioloba		SPECIES	Vachellia erioloba (E.Mey.) P.J.H.Hurter	Vachellia erioloba		ZA		Northern Cape	PRESENT		28eb1a3f-1c15-4a95-931a-4af90ecb574d	-29.258767	21.057183	10.0						2023-08-19T13:13	19	8	2023	3974776	3974776	HUMAN_OBSERVATION	iNaturalist	Observations	188367549		Craig Peter	2023-10-21T11:48:25	CC_BY_NC_4_0	Craig Peter	Craig Peter			2025-06-25T04:27:38.157Z	StillImage	COORDINATE_ROUNDED;CONTINENT_DERIVED_FROM_COORDINATES;TAXON_MATCH_TAXON_ID_IGNORED
4908332195	50c9509d-22c7-4a22-a47d-8c48425ef4a7	https://www.inaturalist.org/observations/188367712	Plantae	Tracheophyta	Magnoliopsida	Fabales	Fabaceae	Vachellia	Vachellia erioloba		SPECIES	Vachellia erioloba (E.Mey.) P.J.H.Hurter	Vachellia erioloba		ZA		Northern Cape	PRESENT		28eb1a3f-1c15-4a95-931a-4af90ecb574d	-29.244024	21.025787	10.0						2023-08-19T13:15	19	8	2023	3974776	3974776	HUMAN_OBSERVATION	iNaturalist	Observations	188367712		Craig Peter	2023-10-21T11:50:23	CC_BY_NC_4_0	Craig Peter	Craig Peter			2025-06-25T03:29:06.888Z	StillImage	COORDINATE_ROUNDED;CONTINENT_DERIVED_FROM_COORDINATES;TAXON_MATCH_TAXON_ID_IGNORED
4908273161	50c9509d-22c7-4a22-a47d-8c48425ef4a7	https://www.inaturalist.org/observations/188398566	Plantae	Tracheophyta	Magnoliopsida	Fabales	Fabaceae	Vachellia	Vachellia erioloba		SPECIES	Vachellia erioloba (E.Mey.) P.J.H.Hurter	Vachellia erioloba		ZA		Northern Cape	PRESENT		28eb1a3f-1c15-4a95-931a-4af90ecb574d	-29.339369	21.153241	10.0						2023-08-19T13:00	19	8	2023	3974776	3974776	HUMAN_OBSERVATION	iNaturalist	Observations	188398566		Craig Peter	2023-10-21T16:53:52	CC_BY_NC_4_0	Craig Peter	Craig Peter			2025-06-25T03:29:06.533Z	StillImage	COORDINATE_ROUNDED;CONTINENT_DERIVED_FROM_COORDINATES;TAXON_MATCH_TAXON_ID_IGNORED
4908238746	50c9509d-22c7-4a22-a47d-8c48425ef4a7	https://www.inaturalist.org/observations/188367729	Plantae	Tracheophyta	Magnoliopsida	Fabales	Fabaceae	Vachellia	Vachellia erioloba		SPECIES	Vachellia erioloba (E.Mey.) P.J.H.Hurter	Vachellia erioloba		ZA		Northern Cape	PRESENT		28eb1a3f-1c15-4a95-931a-4af90ecb574d	-29.237211	21.015474	10.0						2023-08-19T13:16	19	8	2023	3974776	3974776	HUMAN_OBSERVATION	iNaturalist	Observations	188367729		Craig Peter	2023-10-21T11:50:27	CC_BY_NC_4_0	Craig Peter	Craig Peter			2025-06-25T03:29:07.485Z	StillImage	COORDINATE_ROUNDED;CONTINENT_DERIVED_FROM_COORDINATES;TAXON_MATCH_TAXON_ID_IGNORED
4908169360	50c9509d-22c7-4a22-a47d-8c48425ef4a7	https://www.inaturalist.org/observations/188368519	Plantae	Tracheophyta	Magnoliopsida	Fabales	Fabaceae	Vachellia	Vachellia erioloba		SPECIES	Vachellia erioloba (E.Mey.) P.J.H.Hurter	Vachellia erioloba		ZA		Northern Cape	PRESENT		28eb1a3f-1c15-4a95-931a-4af90ecb574d	-29.182485	20.901509	10.0						2023-08-19T13:27	19	8	2023	3974776	3974776	HUMAN_OBSERVATION	iNaturalist	Observations	188368519		Craig Peter	2023-10-21T12:00:58	CC_BY_NC_4_0	Craig Peter	Craig Peter			2025-06-25T06:35:44.974Z	StillImage	COORDINATE_ROUNDED;CONTINENT_DERIVED_FROM_COORDINATES;TAXON_MATCH_TAXON_ID_IGNORED
4908121157	50c9509d-22c7-4a22-a47d-8c48425ef4a7	https://www.inaturalist.org/observations/188367713	Plantae	Tracheophyta	Magnoliopsida	Fabales	Fabaceae	Vachellia	Vachellia erioloba		SPECIES	Vachellia erioloba (E.Mey.) P.J.H.Hurter	Vachellia erioloba		ZA		Northern Cape	PRESENT		28eb1a3f-1c15-4a95-931a-4af90ecb574d	-29.243796	21.025442	10.0						2023-08-19T13:16	19	8	2023	3974776	3974776	HUMAN_OBSERVATION	iNaturalist	Observations	188367713		Craig Peter	2023-10-21T11:50:23	CC_BY_NC_4_0	Craig Peter	Craig Peter			2025-06-25T03:29:05.660Z	StillImage	COORDINATE_ROUNDED;CONTINENT_DERIVED_FROM_COORDINATES;TAXON_MATCH_TAXON_ID_IGNORED
4908105787	50c9509d-22c7-4a22-a47d-8c48425ef4a7	https://www.inaturalist.org/observations/188367720	Plantae	Tracheophyta	Magnoliopsida	Fabales	Fabaceae	Vachellia	Vachellia erioloba		SPECIES	Vachellia erioloba (E.Mey.) P.J.H.Hurter	Vachellia erioloba		ZA		Northern Cape	PRESENT		28eb1a3f-1c15-4a95-931a-4af90ecb574d	-29.242986	21.024201	10.0						2023-08-19T13:16	19	8	2023	3974776	3974776	HUMAN_OBSERVATION	iNaturalist	Observations	188367720		Craig Peter	2023-10-21T11:50:25	CC_BY_NC_4_0	Craig Peter	Craig Peter			2025-06-25T06:35:40.095Z	StillImage	COORDINATE_ROUNDED;CONTINENT_DERIVED_FROM_COORDINATES;TAXON_MATCH_TAXON_ID_IGNORED
4908012187	50c9509d-22c7-4a22-a47d-8c48425ef4a7	https://www.inaturalist.org/observations/188367579	Plantae	Tracheophyta	Magnoliopsida	Fabales	Fabaceae	Vachellia	Vachellia erioloba		SPECIES	Vachellia erioloba (E.Mey.) P.J.H.Hurter	Vachellia erioloba		ZA		Northern Cape	PRESENT		28eb1a3f-1c15-4a95-931a-4af90ecb574d	-29.257474	21.053627	10.0						2023-08-19T13:13	19	8	2023	3974776	3974776	HUMAN_OBSERVATION	iNaturalist	Observations	188367579		Craig Peter	2023-10-21T11:48:49	CC_BY_NC_4_0	Craig Peter	Craig Peter			2025-06-25T01:59:50.097Z	StillImage	COORDINATE_ROUNDED;CONTINENT_DERIVED_FROM_COORDINATES;TAXON_MATCH_TAXON_ID_IGNORED
4907980779	50c9509d-22c7-4a22-a47d-8c48425ef4a7	https://www.inaturalist.org/observations/188368534	Plantae	Tracheophyta	Magnoliopsida	Fabales	Fabaceae	Vachellia	Vachellia erioloba		SPECIES	Vachellia erioloba (E.Mey.) P.J.H.Hurter	Vachellia erioloba		ZA		Northern Cape	PRESENT		28eb1a3f-1c15-4a95-931a-4af90ecb574d	-29.169059	20.871	10.0						2023-08-19T13:30	19	8	2023	3974776	3974776	HUMAN_OBSERVATION	iNaturalist	Observations	188368534		Craig Peter	2023-10-21T12:01:04	CC_BY_NC_4_0	Craig Peter	Craig Peter			2025-06-25T02:36:48.751Z	StillImage	COORDINATE_ROUNDED;CONTINENT_DERIVED_FROM_COORDINATES;TAXON_MATCH_TAXON_ID_IGNORED
4863900889	50c9509d-22c7-4a22-a47d-8c48425ef4a7	https://www.inaturalist.org/observations/188368347	Plantae	Tracheophyta	Magnoliopsida	Fabales	Fabaceae	Vachellia	Vachellia erioloba		SPECIES	Vachellia erioloba (E.Mey.) P.J.H.Hurter	Vachellia erioloba		ZA		Northern Cape	PRESENT		28eb1a3f-1c15-4a95-931a-4af90ecb574d	-29.203828	20.929965	10.0						2023-08-19T13:24	19	8	2023	3974776	3974776	HUMAN_OBSERVATION	iNaturalist	Observations	188368347		Craig Peter	2023-10-21T11:57:53	CC_BY_NC_4_0	Craig Peter	Craig Peter			2025-06-25T03:29:05.879Z	StillImage	COORDINATE_ROUNDED;CONTINENT_DERIVED_FROM_COORDINATES;TAXON_MATCH_TAXON_ID_IGNORED
4863833391	50c9509d-22c7-4a22-a47d-8c48425ef4a7	https://www.inaturalist.org/observations/188368566	Plantae	Tracheophyta	Magnoliopsida	Fabales	Fabaceae	Vachellia	Vachellia erioloba		SPECIES	Vachellia erioloba (E.Mey.) P.J.H.Hurter	Vachellia erioloba		ZA		Northern Cape	PRESENT		28eb1a3f-1c15-4a95-931a-4af90ecb574d	-29.118762	20.81878	10.0						2023-08-19T13:36	19	8	2023	3974776	3974776	HUMAN_OBSERVATION	iNaturalist	Observations	188368566		Craig Peter	2023-10-21T12:01:15	CC_BY_NC_4_0	Craig Peter	Craig Peter			2025-06-25T03:29:06.981Z	StillImage	COORDINATE_ROUNDED;CONTINENT_DERIVED_FROM_COORDINATES;TAXON_MATCH_TAXON_ID_IGNORED
4863727929	50c9509d-22c7-4a22-a47d-8c48425ef4a7	https://www.inaturalist.org/observations/188368509	Plantae	Tracheophyta	Magnoliopsida	Fabales	Fabaceae	Vachellia	Vachellia erioloba		SPECIES	Vachellia erioloba (E.Mey.) P.J.H.Hurter	Vachellia erioloba		ZA		Northern Cape	PRESENT		28eb1a3f-1c15-4a95-931a-4af90ecb574d	-29.192184	20.913993	10.0						2023-08-19T13:26	19	8	2023	3974776	3974776	HUMAN_OBSERVATION	iNaturalist	Observations	188368509		Craig Peter	2023-10-21T12:00:50	CC_BY_NC_4_0	Craig Peter	Craig Peter			2025-06-25T01:59:53.351Z	StillImage	COORDINATE_ROUNDED;CONTINENT_DERIVED_FROM_COORDINATES;TAXON_MATCH_TAXON_ID_IGNORED
4863668275	50c9509d-22c7-4a22-a47d-8c48425ef4a7	https://www.inaturalist.org/observations/188368544	Plantae	Tracheophyta	Magnoliopsida	Fabales	Fabaceae	Vachellia	Vachellia erioloba		SPECIES	Vachellia erioloba (E.Mey.) P.J.H.Hurter	Vachellia erioloba		ZA		Northern Cape	PRESENT		28eb1a3f-1c15-4a95-931a-4af90ecb574d	-29.163978	20.862041	10.0						2023-08-19T13:31	19	8	2023	3974776	3974776	HUMAN_OBSERVATION	iNaturalist	Observations	188368544		Craig Peter	2023-10-21T12:01:06	CC_BY_NC_4_0	Craig Peter	Craig Peter			2025-06-25T02:37:49.837Z	StillImage	COORDINATE_ROUNDED;CONTINENT_DERIVED_FROM_COORDINATES;TAXON_MATCH_TAXON_ID_IGNORED
4863642764	50c9509d-22c7-4a22-a47d-8c48425ef4a7	https://www.inaturalist.org/observations/188368439	Plantae	Tracheophyta	Magnoliopsida	Fabales	Fabaceae	Vachellia	Vachellia erioloba		SPECIES	Vachellia erioloba (E.Mey.) P.J.H.Hurter	Vachellia erioloba		ZA		Northern Cape	PRESENT		28eb1a3f-1c15-4a95-931a-4af90ecb574d	-29.193552	20.915506	10.0						2023-08-19T13:26	19	8	2023	3974776	3974776	HUMAN_OBSERVATION	iNaturalist	Observations	188368439		Craig Peter	2023-10-21T11:59:12	CC_BY_NC_4_0	Craig Peter	Craig Peter			2025-06-25T02:36:49.457Z	StillImage	COORDINATE_ROUNDED;CONTINENT_DERIVED_FROM_COORDINATES;TAXON_MATCH_TAXON_ID_IGNORED
4863621906	50c9509d-22c7-4a22-a47d-8c48425ef4a7	https://www.inaturalist.org/observations/188368120	Plantae	Tracheophyta	Magnoliopsida	Fabales	Fabaceae	Vachellia	Vachellia erioloba		SPECIES	Vachellia erioloba (E.Mey.) P.J.H.Hurter	Vachellia erioloba		ZA		Northern Cape	PRESENT		28eb1a3f-1c15-4a95-931a-4af90ecb574d	-29.222665	20.979204	10.0						2023-08-19T13:20	19	8	2023	3974776	3974776	HUMAN_OBSERVATION	iNaturalist	Observations	188368120		Craig Peter	2023-10-21T11:54:44	CC_BY_NC_4_0	Craig Peter	Craig Peter			2025-06-25T03:29:06.149Z	StillImage	COORDINATE_ROUNDED;CONTINENT_DERIVED_FROM_COORDINATES;TAXON_MATCH_TAXON_ID_IGNORED
4863614923	50c9509d-22c7-4a22-a47d-8c48425ef4a7	https://www.inaturalist.org/observations/188368578	Plantae	Tracheophyta	Magnoliopsida	Fabales	Fabaceae	Vachellia	Vachellia erioloba		SPECIES	Vachellia erioloba (E.Mey.) P.J.H.Hurter	Vachellia erioloba		ZA		Northern Cape	PRESENT		28eb1a3f-1c15-4a95-931a-4af90ecb574d	-29.087548	20.809104	10.0						2023-08-19T13:39	19	8	2023	3974776	3974776	HUMAN_OBSERVATION	iNaturalist	Observations	188368578		Craig Peter	2023-10-21T12:01:18	CC_BY_NC_4_0	Craig Peter	Craig Peter			2025-06-25T03:29:05.806Z	StillImage	COORDINATE_ROUNDED;CONTINENT_DERIVED_FROM_COORDINATES;TAXON_MATCH_TAXON_ID_IGNORED
4863583108	50c9509d-22c7-4a22-a47d-8c48425ef4a7	https://www.inaturalist.org/observations/188368022	Plantae	Tracheophyta	Magnoliopsida	Fabales	Fabaceae	Vachellia	Vachellia erioloba		SPECIES	Vachellia erioloba (E.Mey.) P.J.H.Hurter	Vachellia erioloba		ZA		Northern Cape	PRESENT		28eb1a3f-1c15-4a95-931a-4af90ecb574d	-29.223945	20.984154	10.0						2023-08-19T13:19	19	8	2023	3974776	3974776	HUMAN_OBSERVATION	iNaturalist	Observations	188368022		Craig Peter	2023-10-21T11:53:30	CC_BY_NC_4_0	Craig Peter	Craig Peter			2025-06-25T03:29:06.780Z	StillImage	COORDINATE_ROUNDED;CONTINENT_DERIVED_FROM_COORDINATES;TAXON_MATCH_TAXON_ID_IGNORED
4863530830	50c9509d-22c7-4a22-a47d-8c48425ef4a7	https://www.inaturalist.org/observations/188368336	Plantae	Tracheophyta	Magnoliopsida	Fabales	Fabaceae	Vachellia	Vachellia erioloba		SPECIES	Vachellia erioloba (E.Mey.) P.J.H.Hurter	Vachellia erioloba		ZA		Northern Cape	PRESENT		28eb1a3f-1c15-4a95-931a-4af90ecb574d	-29.204154	20.930696	10.0						2023-08-19T13:24	19	8	2023	3974776	3974776	HUMAN_OBSERVATION	iNaturalist	Observations	188368336		Craig Peter	2023-10-21T11:57:40	CC_BY_NC_4_0	Craig Peter	Craig Peter			2025-06-25T03:29:05.696Z	StillImage	COORDINATE_ROUNDED;CONTINENT_DERIVED_FROM_COORDINATES;TAXON_MATCH_TAXON_ID_IGNORED
4863525737	50c9509d-22c7-4a22-a47d-8c48425ef4a7	https://www.inaturalist.org/observations/188368558	Plantae	Tracheophyta	Magnoliopsida	Fabales	Fabaceae	Vachellia	Vachellia erioloba		SPECIES	Vachellia erioloba (E.Mey.) P.J.H.Hurter	Vachellia erioloba		ZA		Northern Cape	PRESENT		28eb1a3f-1c15-4a95-931a-4af90ecb574d	-29.129487	20.822055	10.0						2023-08-19T13:35	19	8	2023	3974776	3974776	HUMAN_OBSERVATION	iNaturalist	Observations	188368558		Craig Peter	2023-10-21T12:01:12	CC_BY_NC_4_0	Craig Peter	Craig Peter			2025-06-25T03:29:05.419Z	StillImage	COORDINATE_ROUNDED;CONTINENT_DERIVED_FROM_COORDINATES;TAXON_MATCH_TAXON_ID_IGNORED
4863432441	50c9509d-22c7-4a22-a47d-8c48425ef4a7	https://www.inaturalist.org/observations/188368564	Plantae	Tracheophyta	Magnoliopsida	Fabales	Fabaceae	Vachellia	Vachellia erioloba		SPECIES	Vachellia erioloba (E.Mey.) P.J.H.Hurter	Vachellia erioloba		ZA		Northern Cape	PRESENT		28eb1a3f-1c15-4a95-931a-4af90ecb574d	-29.123626	20.820258	10.0						2023-08-19T13:36	19	8	2023	3974776	3974776	HUMAN_OBSERVATION	iNaturalist	Observations	188368564		Craig Peter	2023-10-21T12:01:14	CC_BY_NC_4_0	Craig Peter	Craig Peter			2025-06-25T03:29:05.362Z	StillImage	COORDINATE_ROUNDED;CONTINENT_DERIVED_FROM_COORDINATES;TAXON_MATCH_TAXON_ID_IGNORED
4863342299	50c9509d-22c7-4a22-a47d-8c48425ef4a7	https://www.inaturalist.org/observations/188368001	Plantae	Tracheophyta	Magnoliopsida	Fabales	Fabaceae	Vachellia	Vachellia erioloba		SPECIES	Vachellia erioloba (E.Mey.) P.J.H.Hurter	Vachellia erioloba		ZA		Northern Cape	PRESENT		28eb1a3f-1c15-4a95-931a-4af90ecb574d	-29.22448	20.986263	10.0						2023-08-19T13:19	19	8	2023	3974776	3974776	HUMAN_OBSERVATION	iNaturalist	Observations	188368001		Craig Peter	2023-10-21T11:52:53	CC_BY_NC_4_0	Craig Peter	Craig Peter			2025-06-25T03:29:05.652Z	StillImage	COORDINATE_ROUNDED;CONTINENT_DERIVED_FROM_COORDINATES;TAXON_MATCH_TAXON_ID_IGNORED
4863340890	50c9509d-22c7-4a22-a47d-8c48425ef4a7	https://www.inaturalist.org/observations/188368107	Plantae	Tracheophyta	Magnoliopsida	Fabales	Fabaceae	Vachellia	Vachellia erioloba		SPECIES	Vachellia erioloba (E.Mey.) P.J.H.Hurter	Vachellia erioloba		ZA		Northern Cape	PRESENT		28eb1a3f-1c15-4a95-931a-4af90ecb574d	-29.222821	20.979796	10.0						2023-08-19T13:20	19	8	2023	3974776	3974776	HUMAN_OBSERVATION	iNaturalist	Observations	188368107		Craig Peter	2023-10-21T11:54:34	CC_BY_NC_4_0	Craig Peter	Craig Peter			2025-06-25T03:29:05.418Z	StillImage	COORDINATE_ROUNDED;CONTINENT_DERIVED_FROM_COORDINATES;TAXON_MATCH_TAXON_ID_IGNORED
4852668912	50c9509d-22c7-4a22-a47d-8c48425ef4a7	https://www.inaturalist.org/observations/185549507	Plantae	Tracheophyta	Magnoliopsida	Sapindales	Anacardiaceae	Searsia	Searsia burchellii		SPECIES	Searsia burchellii (Sond. ex Engl.) Moffett	Searsia burchellii		ZA		Northern Cape	PRESENT		28eb1a3f-1c15-4a95-931a-4af90ecb574d	-29.800294	20.771756	4.0						2023-09-23T13:19	23	9	2023	5544399	5544399	HUMAN_OBSERVATION	iNaturalist	Observations	185549507		galpinmd	2023-09-30T14:07:48	CC_BY_NC_4_0	Marijke Honig	Marijke Honig			2025-06-25T01:59:24.175Z	StillImage	COORDINATE_ROUNDED;CONTINENT_DERIVED_FROM_COORDINATES;TAXON_MATCH_TAXON_ID_IGNORED
4535885955	50c9509d-22c7-4a22-a47d-8c48425ef4a7	https://www.inaturalist.org/observations/188367407	Plantae	Tracheophyta	Liliopsida	Asparagales	Asphodelaceae	Aloidendron	Aloidendron dichotomum		SPECIES	Aloidendron dichotomum (Masson) Klopper & Gideon F.Sm.	Aloidendron dichotomum		ZA		Northern Cape	PRESENT		28eb1a3f-1c15-4a95-931a-4af90ecb574d	-29.26697	21.134555	29508.0						2023-08-19T13:07	19	8	2023	9485745	9485745	HUMAN_OBSERVATION	iNaturalist	Observations	188367407		Craig Peter	2023-10-21T11:46:53	CC_BY_NC_4_0	Craig Peter	Craig Peter			2025-06-25T03:29:05.887Z	StillImage	COORDINATE_ROUNDED;CONTINENT_DERIVED_FROM_COORDINATES;TAXON_MATCH_TAXON_ID_IGNORED
4535594994	50c9509d-22c7-4a22-a47d-8c48425ef4a7	https://www.inaturalist.org/observations/188367413	Plantae	Tracheophyta	Liliopsida	Asparagales	Asphodelaceae	Aloidendron	Aloidendron dichotomum		SPECIES	Aloidendron dichotomum (Masson) Klopper & Gideon F.Sm.	Aloidendron dichotomum		ZA		Northern Cape	PRESENT		28eb1a3f-1c15-4a95-931a-4af90ecb574d	-29.229288	21.102127	29508.0						2023-08-19T13:08	19	8	2023	9485745	9485745	HUMAN_OBSERVATION	iNaturalist	Observations	188367413		Craig Peter	2023-10-21T11:46:54	CC_BY_NC_4_0	Craig Peter	Craig Peter			2025-06-25T04:27:42.997Z	StillImage	COORDINATE_ROUNDED;CONTINENT_DERIVED_FROM_COORDINATES;TAXON_MATCH_TAXON_ID_IGNORED
4525030394	50c9509d-22c7-4a22-a47d-8c48425ef4a7	https://www.inaturalist.org/observations/188398580	Plantae	Tracheophyta	Magnoliopsida	Fabales	Fabaceae	Vachellia	Vachellia erioloba		SPECIES	Vachellia erioloba (E.Mey.) P.J.H.Hurter	Vachellia erioloba		ZA		Northern Cape	PRESENT		28eb1a3f-1c15-4a95-931a-4af90ecb574d	-29.310807	21.156635	10.0						2023-08-19T13:03	19	8	2023	3974776	3974776	HUMAN_OBSERVATION	iNaturalist	Observations	188398580		Craig Peter	2023-10-21T16:53:58	CC_BY_NC_4_0	Craig Peter	Craig Peter			2025-06-25T04:27:34.935Z	StillImage	COORDINATE_ROUNDED;CONTINENT_DERIVED_FROM_COORDINATES;TAXON_MATCH_TAXON_ID_IGNORED
4516788561	50c9509d-22c7-4a22-a47d-8c48425ef4a7	https://www.inaturalist.org/observations/188398562	Plantae	Tracheophyta	Magnoliopsida	Fabales	Fabaceae	Vachellia	Vachellia erioloba		SPECIES	Vachellia erioloba (E.Mey.) P.J.H.Hurter	Vachellia erioloba		ZA		Northern Cape	PRESENT		28eb1a3f-1c15-4a95-931a-4af90ecb574d	-29.340733	21.153172	10.0						2023-08-19T13:00	19	8	2023	3974776	3974776	HUMAN_OBSERVATION	iNaturalist	Observations	188398562		Craig Peter	2023-10-21T16:53:51	CC_BY_NC_4_0	Craig Peter	Craig Peter			2025-06-25T01:59:55.242Z	StillImage	COORDINATE_ROUNDED;CONTINENT_DERIVED_FROM_COORDINATES;TAXON_MATCH_TAXON_ID_IGNORED
4442638941	50c9509d-22c7-4a22-a47d-8c48425ef4a7	https://www.inaturalist.org/observations/182199203	Plantae	Tracheophyta	Magnoliopsida	Caryophyllales	Amaranthaceae	Caroxylon	Caroxylon aphyllum		SPECIES	Caroxylon aphyllum (L.fil.) Tzvelev	Caroxylon aphyllum		ZA		Northern Cape	PRESENT		28eb1a3f-1c15-4a95-931a-4af90ecb574d	-29.487822	20.797969	4.0						2023-04-19T10:40	19	4	2023	3759679	3759679	HUMAN_OBSERVATION	iNaturalist	Observations	182199203		tarryn_m	2023-09-07T15:55:07	CC_BY_NC_4_0	tarryn_m	tarryn_m			2025-06-25T04:25:22.067Z	StillImage	COORDINATE_ROUNDED;CONTINENT_DERIVED_FROM_COORDINATES;TAXON_MATCH_TAXON_ID_IGNORED
4442630919	50c9509d-22c7-4a22-a47d-8c48425ef4a7	https://www.inaturalist.org/observations/182199201	Plantae	Tracheophyta	Magnoliopsida	Lamiales	Bignoniaceae	Rhigozum	Rhigozum trichotomum		SPECIES	Rhigozum trichotomum Burch.	Rhigozum trichotomum		ZA		Northern Cape	PRESENT		28eb1a3f-1c15-4a95-931a-4af90ecb574d	-29.487761	20.797747	4.0						2023-04-19T10:37	19	4	2023	4091951	4091951	HUMAN_OBSERVATION	iNaturalist	Observations	182199201		tarryn_m	2023-09-07T15:55:06	CC_BY_NC_4_0	tarryn_m	tarryn_m			2025-06-25T04:25:24.797Z	StillImage	COORDINATE_ROUNDED;CONTINENT_DERIVED_FROM_COORDINATES;TAXON_MATCH_TAXON_ID_IGNORED
4431253453	50c9509d-22c7-4a22-a47d-8c48425ef4a7	https://www.inaturalist.org/observations/188398432	Plantae	Tracheophyta	Magnoliopsida	Fabales	Fabaceae	Vachellia	Vachellia erioloba		SPECIES	Vachellia erioloba (E.Mey.) P.J.H.Hurter	Vachellia erioloba		ZA		Northern Cape	PRESENT		28eb1a3f-1c15-4a95-931a-4af90ecb574d	-29.276294	21.450225	10.0						2023-08-19T12:26	19	8	2023	3974776	3974776	HUMAN_OBSERVATION	iNaturalist	Observations	188398432		Craig Peter	2023-10-21T16:53:15	CC_BY_NC_4_0	Craig Peter	Craig Peter			2025-06-25T03:29:06.863Z	StillImage	COORDINATE_ROUNDED;CONTINENT_DERIVED_FROM_COORDINATES;TAXON_MATCH_TAXON_ID_IGNORED
4431248443	50c9509d-22c7-4a22-a47d-8c48425ef4a7	https://www.inaturalist.org/observations/188398508	Plantae	Tracheophyta	Liliopsida	Asparagales	Asphodelaceae	Aloidendron	Aloidendron dichotomum		SPECIES	Aloidendron dichotomum (Masson) Klopper & Gideon F.Sm.	Aloidendron dichotomum		ZA		Northern Cape	PRESENT		28eb1a3f-1c15-4a95-931a-4af90ecb574d	-29.282642	21.240622	29508.0						2023-08-19T12:50	19	8	2023	9485745	9485745	HUMAN_OBSERVATION	iNaturalist	Observations	188398508		Craig Peter	2023-10-21T16:53:39	CC_BY_NC_4_0	Craig Peter	Craig Peter			2025-06-25T02:37:51.840Z	StillImage	COORDINATE_ROUNDED;CONTINENT_DERIVED_FROM_COORDINATES;TAXON_MATCH_TAXON_ID_IGNORED
4431247391	50c9509d-22c7-4a22-a47d-8c48425ef4a7	https://www.inaturalist.org/observations/188368552	Plantae	Tracheophyta	Liliopsida	Asparagales	Asphodelaceae	Aloidendron	Aloidendron dichotomum		SPECIES	Aloidendron dichotomum (Masson) Klopper & Gideon F.Sm.	Aloidendron dichotomum		ZA		Northern Cape	PRESENT		28eb1a3f-1c15-4a95-931a-4af90ecb574d	-29.040917	20.967747	29533.0						2023-08-19T13:33	19	8	2023	9485745	9485745	HUMAN_OBSERVATION	iNaturalist	Observations	188368552		Craig Peter	2023-10-21T12:01:09	CC_BY_NC_4_0	Craig Peter	Craig Peter			2025-06-25T03:29:06.638Z	StillImage	COORDINATE_ROUNDED;CONTINENT_DERIVED_FROM_COORDINATES;TAXON_MATCH_TAXON_ID_IGNORED
4431246489	50c9509d-22c7-4a22-a47d-8c48425ef4a7	https://www.inaturalist.org/observations/188368553	Plantae	Tracheophyta	Liliopsida	Asparagales	Asphodelaceae	Aloidendron	Aloidendron dichotomum		SPECIES	Aloidendron dichotomum (Masson) Klopper & Gideon F.Sm.	Aloidendron dichotomum		ZA		Northern Cape	PRESENT		28eb1a3f-1c15-4a95-931a-4af90ecb574d	-29.018343	20.871324	29533.0						2023-08-19T13:34	19	8	2023	9485745	9485745	HUMAN_OBSERVATION	iNaturalist	Observations	188368553		Craig Peter	2023-10-21T12:01:10	CC_BY_NC_4_0	Craig Peter	Craig Peter			2025-06-25T03:29:06.392Z	StillImage	COORDINATE_ROUNDED;CONTINENT_DERIVED_FROM_COORDINATES;TAXON_MATCH_TAXON_ID_IGNORED
4431245560	50c9509d-22c7-4a22-a47d-8c48425ef4a7	https://www.inaturalist.org/observations/188398546	Plantae	Tracheophyta	Magnoliopsida	Sapindales	Anacardiaceae	Schinus	Schinus molle		SPECIES	Schinus molle L.	Schinus molle		ZA		Northern Cape	PRESENT		28eb1a3f-1c15-4a95-931a-4af90ecb574d	-29.344643	21.16349	10.0						2023-08-19T12:55	19	8	2023	3190642	3190642	HUMAN_OBSERVATION	iNaturalist	Observations	188398546		Craig Peter	2023-10-21T16:53:47	CC_BY_NC_4_0	Craig Peter	Craig Peter			2025-06-25T06:35:40.611Z	StillImage	COORDINATE_ROUNDED;CONTINENT_DERIVED_FROM_COORDINATES;TAXON_MATCH_TAXON_ID_IGNORED
4431243635	50c9509d-22c7-4a22-a47d-8c48425ef4a7	https://www.inaturalist.org/observations/188398504	Plantae	Tracheophyta	Liliopsida	Asparagales	Asphodelaceae	Aloidendron	Aloidendron dichotomum		SPECIES	Aloidendron dichotomum (Masson) Klopper & Gideon F.Sm.	Aloidendron dichotomum		ZA		Northern Cape	PRESENT		28eb1a3f-1c15-4a95-931a-4af90ecb574d	-29.252817	21.260807	29508.0						2023-08-19T12:48	19	8	2023	9485745	9485745	HUMAN_OBSERVATION	iNaturalist	Observations	188398504		Craig Peter	2023-10-21T16:53:37	CC_BY_NC_4_0	Craig Peter	Craig Peter			2025-06-25T02:36:49.802Z	StillImage	COORDINATE_ROUNDED;CONTINENT_DERIVED_FROM_COORDINATES;TAXON_MATCH_TAXON_ID_IGNORED
4431243634	50c9509d-22c7-4a22-a47d-8c48425ef4a7	https://www.inaturalist.org/observations/188398489	Plantae	Tracheophyta	Liliopsida	Asparagales	Asphodelaceae	Aloidendron	Aloidendron dichotomum		SPECIES	Aloidendron dichotomum (Masson) Klopper & Gideon F.Sm.	Aloidendron dichotomum		ZA		Northern Cape	PRESENT		28eb1a3f-1c15-4a95-931a-4af90ecb574d	-29.257648	21.346396	29508.0						2023-08-19T12:44	19	8	2023	9485745	9485745	HUMAN_OBSERVATION	iNaturalist	Observations	188398489		Craig Peter	2023-10-21T16:53:31	CC_BY_NC_4_0	Craig Peter	Craig Peter			2025-06-25T01:59:55.019Z	StillImage	COORDINATE_ROUNDED;CONTINENT_DERIVED_FROM_COORDINATES;TAXON_MATCH_TAXON_ID_IGNORED
4431223619	50c9509d-22c7-4a22-a47d-8c48425ef4a7	https://www.inaturalist.org/observations/188398576	Plantae	Tracheophyta	Magnoliopsida	Fabales	Fabaceae	Vachellia	Vachellia erioloba		SPECIES	Vachellia erioloba (E.Mey.) P.J.H.Hurter	Vachellia erioloba		ZA		Northern Cape	PRESENT		28eb1a3f-1c15-4a95-931a-4af90ecb574d	-29.324603	21.154611	10.0						2023-08-19T13:02	19	8	2023	3974776	3974776	HUMAN_OBSERVATION	iNaturalist	Observations	188398576		Craig Peter	2023-10-21T16:53:55	CC_BY_NC_4_0	Craig Peter	Craig Peter			2025-06-25T04:27:42.251Z	StillImage	COORDINATE_ROUNDED;CONTINENT_DERIVED_FROM_COORDINATES;TAXON_MATCH_TAXON_ID_IGNORED
4431222488	50c9509d-22c7-4a22-a47d-8c48425ef4a7	https://www.inaturalist.org/observations/188398567	Plantae	Tracheophyta	Magnoliopsida	Fabales	Fabaceae	Vachellia	Vachellia erioloba		SPECIES	Vachellia erioloba (E.Mey.) P.J.H.Hurter	Vachellia erioloba		ZA		Northern Cape	PRESENT		28eb1a3f-1c15-4a95-931a-4af90ecb574d	-29.336728	21.153408	10.0						2023-08-19T13:01	19	8	2023	3974776	3974776	HUMAN_OBSERVATION	iNaturalist	Observations	188398567		Craig Peter	2023-10-21T16:53:52	CC_BY_NC_4_0	Craig Peter	Craig Peter			2025-06-25T03:29:08.463Z	StillImage	COORDINATE_ROUNDED;CONTINENT_DERIVED_FROM_COORDINATES;TAXON_MATCH_TAXON_ID_IGNORED
4431220492	50c9509d-22c7-4a22-a47d-8c48425ef4a7	https://www.inaturalist.org/observations/188398554	Plantae	Tracheophyta	Magnoliopsida	Fabales	Fabaceae	Vachellia	Vachellia erioloba		SPECIES	Vachellia erioloba (E.Mey.) P.J.H.Hurter	Vachellia erioloba		ZA		Northern Cape	PRESENT		28eb1a3f-1c15-4a95-931a-4af90ecb574d	-29.348941	21.159991	10.0						2023-08-19T12:58	19	8	2023	3974776	3974776	HUMAN_OBSERVATION	iNaturalist	Observations	188398554		Craig Peter	2023-10-21T16:53:49	CC_BY_NC_4_0	Craig Peter	Craig Peter			2025-06-25T06:35:40.534Z	StillImage	COORDINATE_ROUNDED;CONTINENT_DERIVED_FROM_COORDINATES;TAXON_MATCH_TAXON_ID_IGNORED
4431217455	50c9509d-22c7-4a22-a47d-8c48425ef4a7	https://www.inaturalist.org/observations/188398413	Plantae	Tracheophyta	Liliopsida	Asparagales	Asphodelaceae	Aloidendron	Aloidendron dichotomum		SPECIES	Aloidendron dichotomum (Masson) Klopper & Gideon F.Sm.	Aloidendron dichotomum		ZA		Northern Cape	PRESENT		28eb1a3f-1c15-4a95-931a-4af90ecb574d	-29.391374	21.475887	29508.0						2023-08-19T12:20	19	8	2023	9485745	9485745	HUMAN_OBSERVATION	iNaturalist	Observations	188398413		Craig Peter	2023-10-21T16:53:11	CC_BY_NC_4_0	Craig Peter	Craig Peter			2025-06-25T02:37:34.755Z	StillImage	COORDINATE_ROUNDED;CONTINENT_DERIVED_FROM_COORDINATES;TAXON_MATCH_TAXON_ID_IGNORED
4431213462	50c9509d-22c7-4a22-a47d-8c48425ef4a7	https://www.inaturalist.org/observations/188368576	Plantae	Tracheophyta	Magnoliopsida	Lamiales	Pedaliaceae	Rogeria	Rogeria longiflora		SPECIES	Rogeria longiflora (D.Royen) J.Gay ex DC.	Rogeria longiflora		ZA		Northern Cape	PRESENT		28eb1a3f-1c15-4a95-931a-4af90ecb574d	-29.094073	20.811173	10.0						2023-08-19T13:39	19	8	2023	9063937	9063937	HUMAN_OBSERVATION	iNaturalist	Observations	188368576		Craig Peter	2023-10-21T12:01:18	CC_BY_NC_4_0	Craig Peter	Craig Peter			2025-06-25T01:59:51.508Z	StillImage	COORDINATE_ROUNDED;CONTINENT_DERIVED_FROM_COORDINATES;TAXON_MATCH_TAXON_ID_IGNORED
4431207392	50c9509d-22c7-4a22-a47d-8c48425ef4a7	https://www.inaturalist.org/observations/188398544	Plantae	Tracheophyta	Magnoliopsida	Fabales	Fabaceae	Vachellia	Vachellia erioloba		SPECIES	Vachellia erioloba (E.Mey.) P.J.H.Hurter	Vachellia erioloba		ZA		Northern Cape	PRESENT		28eb1a3f-1c15-4a95-931a-4af90ecb574d	-29.342047	21.167291	10.0						2023-08-19T12:54	19	8	2023	3974776	3974776	HUMAN_OBSERVATION	iNaturalist	Observations	188398544		Craig Peter	2023-10-21T16:53:47	CC_BY_NC_4_0	Craig Peter	Craig Peter			2025-06-25T03:29:05.782Z	StillImage	COORDINATE_ROUNDED;CONTINENT_DERIVED_FROM_COORDINATES;TAXON_MATCH_TAXON_ID_IGNORED
4431198532	50c9509d-22c7-4a22-a47d-8c48425ef4a7	https://www.inaturalist.org/observations/188398437	Plantae	Tracheophyta	Liliopsida	Asparagales	Asphodelaceae	Aloidendron	Aloidendron dichotomum		SPECIES	Aloidendron dichotomum (Masson) Klopper & Gideon F.Sm.	Aloidendron dichotomum		ZA		Northern Cape	PRESENT		28eb1a3f-1c15-4a95-931a-4af90ecb574d	-29.350212	21.400884	29508.0						2023-08-19T12:27	19	8	2023	9485745	9485745	HUMAN_OBSERVATION	iNaturalist	Observations	188398437		Craig Peter	2023-10-21T16:53:16	CC_BY_NC_4_0	Craig Peter	Craig Peter			2025-06-25T03:29:07.836Z	StillImage	COORDINATE_ROUNDED;CONTINENT_DERIVED_FROM_COORDINATES;TAXON_MATCH_TAXON_ID_IGNORED
4431194908	50c9509d-22c7-4a22-a47d-8c48425ef4a7	https://www.inaturalist.org/observations/188163097	Plantae	Tracheophyta	Magnoliopsida	Fabales	Fabaceae	Vachellia	Vachellia erioloba		SPECIES	Vachellia erioloba (E.Mey.) P.J.H.Hurter	Vachellia erioloba		ZA		Northern Cape	PRESENT		28eb1a3f-1c15-4a95-931a-4af90ecb574d	-29.046645	20.787164	10.0						2023-08-19T13:56	19	8	2023	3974776	3974776	HUMAN_OBSERVATION	iNaturalist	Observations	188163097		Craig Peter	2023-10-19T17:49:58	CC_BY_NC_4_0	Craig Peter	Craig Peter			2025-06-25T01:59:50.523Z	StillImage	COORDINATE_ROUNDED;CONTINENT_DERIVED_FROM_COORDINATES;TAXON_MATCH_TAXON_ID_IGNORED
4431189937	50c9509d-22c7-4a22-a47d-8c48425ef4a7	https://www.inaturalist.org/observations/188163077	Plantae	Tracheophyta	Liliopsida	Asparagales	Asphodelaceae	Aloidendron	Aloidendron dichotomum		SPECIES	Aloidendron dichotomum (Masson) Klopper & Gideon F.Sm.	Aloidendron dichotomum		ZA		Northern Cape	PRESENT		28eb1a3f-1c15-4a95-931a-4af90ecb574d	-29.151502	20.862188	29533.0						2023-08-19T13:43	19	8	2023	9485745	9485745	HUMAN_OBSERVATION	iNaturalist	Observations	188163077		Craig Peter	2023-10-19T17:49:51	CC_BY_NC_4_0	Craig Peter	Craig Peter			2025-06-25T03:29:04.336Z	StillImage	COORDINATE_ROUNDED;CONTINENT_DERIVED_FROM_COORDINATES;TAXON_MATCH_TAXON_ID_IGNORED
4431181792	50c9509d-22c7-4a22-a47d-8c48425ef4a7	https://www.inaturalist.org/observations/188163092	Plantae	Tracheophyta	Liliopsida	Asparagales	Asphodelaceae	Aloidendron	Aloidendron dichotomum		SPECIES	Aloidendron dichotomum (Masson) Klopper & Gideon F.Sm.	Aloidendron dichotomum		ZA		Northern Cape	PRESENT		28eb1a3f-1c15-4a95-931a-4af90ecb574d	-29.145492	20.750528	29533.0						2023-08-19T13:54	19	8	2023	9485745	9485745	HUMAN_OBSERVATION	iNaturalist	Observations	188163092		Craig Peter	2023-10-19T17:49:56	CC_BY_NC_4_0	Craig Peter	Craig Peter			2025-06-25T03:29:03.699Z	StillImage	COORDINATE_ROUNDED;CONTINENT_DERIVED_FROM_COORDINATES;TAXON_MATCH_TAXON_ID_IGNORED
4431152904	50c9509d-22c7-4a22-a47d-8c48425ef4a7	https://www.inaturalist.org/observations/188163080	Plantae	Tracheophyta	Magnoliopsida	Fabales	Fabaceae	Senegalia	Senegalia mellifera		SPECIES	Senegalia mellifera (Vahl) Seigler & Ebinger	Senegalia mellifera		ZA		Northern Cape	PRESENT		28eb1a3f-1c15-4a95-931a-4af90ecb574d	-29.071484	20.802829	10.0						2023-08-19T13:44	19	8	2023	6710006	6710006	HUMAN_OBSERVATION	iNaturalist	Observations	188163080		Craig Peter	2023-10-19T17:49:52	CC_BY_NC_4_0	Craig Peter	Craig Peter			2025-06-25T01:59:51.055Z	StillImage	COORDINATE_ROUNDED;CONTINENT_DERIVED_FROM_COORDINATES;TAXON_MATCH_TAXON_ID_IGNORED
4431146915	50c9509d-22c7-4a22-a47d-8c48425ef4a7	https://www.inaturalist.org/observations/188163127	Plantae	Tracheophyta	Magnoliopsida	Fabales	Fabaceae	Vachellia	Vachellia erioloba		SPECIES	Vachellia erioloba (E.Mey.) P.J.H.Hurter	Vachellia erioloba		ZA		Northern Cape	PRESENT		28eb1a3f-1c15-4a95-931a-4af90ecb574d	-29.003759	20.750457	10.0						2023-08-19T14:00	19	8	2023	3974776	3974776	HUMAN_OBSERVATION	iNaturalist	Observations	188163127		Craig Peter	2023-10-19T17:50:13	CC_BY_NC_4_0	Craig Peter	Craig Peter			2025-06-25T01:59:49.986Z	StillImage	COORDINATE_ROUNDED;CONTINENT_DERIVED_FROM_COORDINATES;TAXON_MATCH_TAXON_ID_IGNORED
4430786489	50c9509d-22c7-4a22-a47d-8c48425ef4a7	https://www.inaturalist.org/observations/188398481	Plantae	Tracheophyta	Magnoliopsida	Fabales	Fabaceae	Vachellia	Vachellia erioloba		SPECIES	Vachellia erioloba (E.Mey.) P.J.H.Hurter	Vachellia erioloba		ZA		Northern Cape	PRESENT		28eb1a3f-1c15-4a95-931a-4af90ecb574d	-29.28172	21.29636	10.0						2023-08-19T12:41	19	8	2023	3974776	3974776	HUMAN_OBSERVATION	iNaturalist	Observations	188398481		Craig Peter	2023-10-21T16:53:29	CC_BY_NC_4_0	Craig Peter	Craig Peter			2025-06-25T04:27:39.783Z	StillImage	COORDINATE_ROUNDED;CONTINENT_DERIVED_FROM_COORDINATES;TAXON_MATCH_TAXON_ID_IGNORED
4430786401	50c9509d-22c7-4a22-a47d-8c48425ef4a7	https://www.inaturalist.org/observations/188368550	Plantae	Tracheophyta	Liliopsida	Asparagales	Asphodelaceae	Aloidendron	Aloidendron dichotomum		SPECIES	Aloidendron dichotomum (Masson) Klopper & Gideon F.Sm.	Aloidendron dichotomum		ZA		Northern Cape	PRESENT		28eb1a3f-1c15-4a95-931a-4af90ecb574d	-29.022417	20.807841	29533.0						2023-08-19T13:33	19	8	2023	9485745	9485745	HUMAN_OBSERVATION	iNaturalist	Observations	188368550		Craig Peter	2023-10-21T12:01:09	CC_BY_NC_4_0	Craig Peter	Craig Peter			2025-06-25T03:29:06.591Z	StillImage	COORDINATE_ROUNDED;CONTINENT_DERIVED_FROM_COORDINATES;TAXON_MATCH_TAXON_ID_IGNORED
4430784545	50c9509d-22c7-4a22-a47d-8c48425ef4a7	https://www.inaturalist.org/observations/188398453	Plantae	Tracheophyta	Magnoliopsida	Fabales	Fabaceae	Vachellia	Vachellia erioloba		SPECIES	Vachellia erioloba (E.Mey.) P.J.H.Hurter	Vachellia erioloba		ZA		Northern Cape	PRESENT		28eb1a3f-1c15-4a95-931a-4af90ecb574d	-29.27651	21.406354	10.0						2023-08-19T12:32	19	8	2023	3974776	3974776	HUMAN_OBSERVATION	iNaturalist	Observations	188398453		Craig Peter	2023-10-21T16:53:21	CC_BY_NC_4_0	Craig Peter	Craig Peter			2025-06-25T03:29:08.079Z	StillImage	COORDINATE_ROUNDED;CONTINENT_DERIVED_FROM_COORDINATES;TAXON_MATCH_TAXON_ID_IGNORED
4430784544	50c9509d-22c7-4a22-a47d-8c48425ef4a7	https://www.inaturalist.org/observations/188398419	Plantae	Tracheophyta	Magnoliopsida	Fabales	Fabaceae	Vachellia	Vachellia erioloba		SPECIES	Vachellia erioloba (E.Mey.) P.J.H.Hurter	Vachellia erioloba		ZA		Northern Cape	PRESENT		28eb1a3f-1c15-4a95-931a-4af90ecb574d	-29.277767	21.496585	10.0						2023-08-19T12:23	19	8	2023	3974776	3974776	HUMAN_OBSERVATION	iNaturalist	Observations	188398419		Craig Peter	2023-10-21T16:53:13	CC_BY_NC_4_0	Craig Peter	Craig Peter			2025-06-25T02:37:42.144Z	StillImage	COORDINATE_ROUNDED;CONTINENT_DERIVED_FROM_COORDINATES;TAXON_MATCH_TAXON_ID_IGNORED
4430783458	50c9509d-22c7-4a22-a47d-8c48425ef4a7	https://www.inaturalist.org/observations/188398493	Plantae	Tracheophyta	Liliopsida	Asparagales	Asphodelaceae	Aloidendron	Aloidendron dichotomum		SPECIES	Aloidendron dichotomum (Masson) Klopper & Gideon F.Sm.	Aloidendron dichotomum		ZA		Northern Cape	PRESENT		28eb1a3f-1c15-4a95-931a-4af90ecb574d	-29.206631	21.288906	29508.0						2023-08-19T12:45	19	8	2023	9485745	9485745	HUMAN_OBSERVATION	iNaturalist	Observations	188398493		Craig Peter	2023-10-21T16:53:33	CC_BY_NC_4_0	Craig Peter	Craig Peter			2025-06-25T01:59:55.958Z	StillImage	COORDINATE_ROUNDED;CONTINENT_DERIVED_FROM_COORDINATES;TAXON_MATCH_TAXON_ID_IGNORED
4430781435	50c9509d-22c7-4a22-a47d-8c48425ef4a7	https://www.inaturalist.org/observations/188398464	Plantae	Tracheophyta	Liliopsida	Asparagales	Asphodelaceae	Aloidendron	Aloidendron dichotomum		SPECIES	Aloidendron dichotomum (Masson) Klopper & Gideon F.Sm.	Aloidendron dichotomum		ZA		Northern Cape	PRESENT		28eb1a3f-1c15-4a95-931a-4af90ecb574d	-29.236606	21.397267	29508.0						2023-08-19T12:34	19	8	2023	9485745	9485745	HUMAN_OBSERVATION	iNaturalist	Observations	188398464		Craig Peter	2023-10-21T16:53:24	CC_BY_NC_4_0	Craig Peter	Craig Peter			2025-06-25T04:27:38.744Z	StillImage	COORDINATE_ROUNDED;CONTINENT_DERIVED_FROM_COORDINATES;TAXON_MATCH_TAXON_ID_IGNORED
4430767439	50c9509d-22c7-4a22-a47d-8c48425ef4a7	https://www.inaturalist.org/observations/188368572	Plantae	Tracheophyta	Magnoliopsida	Lamiales	Pedaliaceae	Rogeria	Rogeria longiflora		SPECIES	Rogeria longiflora (D.Royen) J.Gay ex DC.	Rogeria longiflora		ZA		Northern Cape	PRESENT		28eb1a3f-1c15-4a95-931a-4af90ecb574d	-29.100329	20.81318	10.0						2023-08-19T13:38	19	8	2023	9063937	9063937	HUMAN_OBSERVATION	iNaturalist	Observations	188368572		Craig Peter	2023-10-21T12:01:16	CC_BY_NC_4_0	Craig Peter	Craig Peter			2025-06-25T03:29:05.451Z	StillImage	COORDINATE_ROUNDED;CONTINENT_DERIVED_FROM_COORDINATES;TAXON_MATCH_TAXON_ID_IGNORED
4430765542	50c9509d-22c7-4a22-a47d-8c48425ef4a7	https://www.inaturalist.org/observations/188398561	Plantae	Tracheophyta	Magnoliopsida	Lamiales	Bignoniaceae	Tecoma	Tecoma stans		SPECIES	Tecoma stans (L.) Juss. ex Kunth	Tecoma stans		ZA		Northern Cape	PRESENT		28eb1a3f-1c15-4a95-931a-4af90ecb574d	-29.34609	21.15247	10.0						2023-08-19T12:59	19	8	2023	3172492	3172492	HUMAN_OBSERVATION	iNaturalist	Observations	188398561		Craig Peter	2023-10-21T16:53:51	CC_BY_NC_4_0	Craig Peter	Craig Peter			2025-06-25T03:29:07.093Z	StillImage	COORDINATE_ROUNDED;CONTINENT_DERIVED_FROM_COORDINATES;TAXON_MATCH_TAXON_ID_IGNORED
4430759532	50c9509d-22c7-4a22-a47d-8c48425ef4a7	https://www.inaturalist.org/observations/188398547	Plantae	Tracheophyta	Magnoliopsida	Caryophyllales	Cactaceae	Opuntia	Opuntia ficus-indica		SPECIES	Opuntia ficus-indica (L.) Mill.	Opuntia ficus-indica		ZA		Northern Cape	PRESENT		28eb1a3f-1c15-4a95-931a-4af90ecb574d	-29.344643	21.16349	10.0						2023-08-19T12:55	19	8	2023	5384064	5384064	HUMAN_OBSERVATION	iNaturalist	Observations	188398547		Craig Peter	2023-10-21T16:53:47	CC_BY_NC_4_0	Craig Peter	Craig Peter			2025-06-25T03:29:06.183Z	StillImage	COORDINATE_ROUNDED;CONTINENT_DERIVED_FROM_COORDINATES;TAXON_MATCH_TAXON_ID_IGNORED
4430758617	50c9509d-22c7-4a22-a47d-8c48425ef4a7	https://www.inaturalist.org/observations/188398501	Plantae	Tracheophyta	Liliopsida	Asparagales	Asphodelaceae	Aloidendron	Aloidendron dichotomum		SPECIES	Aloidendron dichotomum (Masson) Klopper & Gideon F.Sm.	Aloidendron dichotomum		ZA		Northern Cape	PRESENT		28eb1a3f-1c15-4a95-931a-4af90ecb574d	-29.27744	21.364239	29508.0						2023-08-19T12:46	19	8	2023	9485745	9485745	HUMAN_OBSERVATION	iNaturalist	Observations	188398501		Craig Peter	2023-10-21T16:53:36	CC_BY_NC_4_0	Craig Peter	Craig Peter			2025-06-25T02:36:49.241Z	StillImage	COORDINATE_ROUNDED;CONTINENT_DERIVED_FROM_COORDINATES;TAXON_MATCH_TAXON_ID_IGNORED
4430758616	50c9509d-22c7-4a22-a47d-8c48425ef4a7	https://www.inaturalist.org/observations/188398486	Plantae	Tracheophyta	Magnoliopsida	Brassicales	Capparaceae	Boscia	Boscia albitrunca		SPECIES	Boscia albitrunca (Burch.) Gilg & Gilg-Ben.	Boscia albitrunca		ZA		Northern Cape	PRESENT		28eb1a3f-1c15-4a95-931a-4af90ecb574d	-29.292876	21.269165	10.0						2023-08-19T12:43	19	8	2023	5602556	5602556	HUMAN_OBSERVATION	iNaturalist	Observations	188398486		Craig Peter	2023-10-21T16:53:30	CC_BY_NC_4_0	Craig Peter	Craig Peter			2025-06-25T04:27:38.698Z	StillImage	COORDINATE_ROUNDED;CONTINENT_DERIVED_FROM_COORDINATES;TAXON_MATCH_TAXON_ID_IGNORED
4430757471	50c9509d-22c7-4a22-a47d-8c48425ef4a7	https://www.inaturalist.org/observations/188398502	Plantae	Tracheophyta	Liliopsida	Asparagales	Asphodelaceae	Aloidendron	Aloidendron dichotomum		SPECIES	Aloidendron dichotomum (Masson) Klopper & Gideon F.Sm.	Aloidendron dichotomum		ZA		Northern Cape	PRESENT		28eb1a3f-1c15-4a95-931a-4af90ecb574d	-29.292051	21.20807	29508.0						2023-08-19T12:47	19	8	2023	9485745	9485745	HUMAN_OBSERVATION	iNaturalist	Observations	188398502		Craig Peter	2023-10-21T16:53:36	CC_BY_NC_4_0	Craig Peter	Craig Peter			2025-06-25T02:36:49.278Z	StillImage	COORDINATE_ROUNDED;CONTINENT_DERIVED_FROM_COORDINATES;TAXON_MATCH_TAXON_ID_IGNORED
4430739531	50c9509d-22c7-4a22-a47d-8c48425ef4a7	https://www.inaturalist.org/observations/188398500	Plantae	Tracheophyta	Liliopsida	Asparagales	Asphodelaceae	Aloidendron	Aloidendron dichotomum		SPECIES	Aloidendron dichotomum (Masson) Klopper & Gideon F.Sm.	Aloidendron dichotomum		ZA		Northern Cape	PRESENT		28eb1a3f-1c15-4a95-931a-4af90ecb574d	-29.386332	21.213638	29508.0						2023-08-19T12:46	19	8	2023	9485745	9485745	HUMAN_OBSERVATION	iNaturalist	Observations	188398500		Craig Peter	2023-10-21T16:53:34	CC_BY_NC_4_0	Craig Peter	Craig Peter			2025-06-25T03:29:32.241Z	StillImage	COORDINATE_ROUNDED;CONTINENT_DERIVED_FROM_COORDINATES;TAXON_MATCH_TAXON_ID_IGNORED
4430736525	50c9509d-22c7-4a22-a47d-8c48425ef4a7	https://www.inaturalist.org/observations/188367379	Plantae	Tracheophyta	Liliopsida	Asparagales	Asphodelaceae	Aloidendron	Aloidendron dichotomum		SPECIES	Aloidendron dichotomum (Masson) Klopper & Gideon F.Sm.	Aloidendron dichotomum		ZA		Northern Cape	PRESENT		28eb1a3f-1c15-4a95-931a-4af90ecb574d	-29.208425	21.016256	29508.0						2023-08-19T13:04	19	8	2023	9485745	9485745	HUMAN_OBSERVATION	iNaturalist	Observations	188367379		Craig Peter	2023-10-21T11:46:46	CC_BY_NC_4_0	Craig Peter	Craig Peter			2025-06-25T01:59:52.707Z	StillImage	COORDINATE_ROUNDED;CONTINENT_DERIVED_FROM_COORDINATES;TAXON_MATCH_TAXON_ID_IGNORED
4430731593	50c9509d-22c7-4a22-a47d-8c48425ef4a7	https://www.inaturalist.org/observations/188398540	Plantae	Tracheophyta	Magnoliopsida	Fabales	Fabaceae	Vachellia	Vachellia erioloba		SPECIES	Vachellia erioloba (E.Mey.) P.J.H.Hurter	Vachellia erioloba		ZA		Northern Cape	PRESENT		28eb1a3f-1c15-4a95-931a-4af90ecb574d	-29.340973	21.169344	10.0						2023-08-19T12:54	19	8	2023	3974776	3974776	HUMAN_OBSERVATION	iNaturalist	Observations	188398540		Craig Peter	2023-10-21T16:53:46	CC_BY_NC_4_0	Craig Peter	Craig Peter			2025-06-25T03:29:08.018Z	StillImage	COORDINATE_ROUNDED;CONTINENT_DERIVED_FROM_COORDINATES;TAXON_MATCH_TAXON_ID_IGNORED
4430723916	50c9509d-22c7-4a22-a47d-8c48425ef4a7	https://www.inaturalist.org/observations/188163099	Plantae	Tracheophyta	Liliopsida	Asparagales	Asphodelaceae	Aloidendron	Aloidendron dichotomum		SPECIES	Aloidendron dichotomum (Masson) Klopper & Gideon F.Sm.	Aloidendron dichotomum		ZA		Northern Cape	PRESENT		28eb1a3f-1c15-4a95-931a-4af90ecb574d	-29.025578	20.717007	29533.0						2023-08-19T13:57	19	8	2023	9485745	9485745	HUMAN_OBSERVATION	iNaturalist	Observations	188163099		Craig Peter	2023-10-19T17:50:00	CC_BY_NC_4_0	Craig Peter	Craig Peter			2025-06-25T03:29:05.212Z	StillImage	COORDINATE_ROUNDED;CONTINENT_DERIVED_FROM_COORDINATES;TAXON_MATCH_TAXON_ID_IGNORED
4430710747	50c9509d-22c7-4a22-a47d-8c48425ef4a7	https://www.inaturalist.org/observations/188163091	Plantae	Tracheophyta	Magnoliopsida	Malvales	Malvaceae	Hermannia	Hermannia stricta		SPECIES	Hermannia stricta (E.Mey. ex Turcz.) Harv.	Hermannia stricta		ZA		Northern Cape	PRESENT		28eb1a3f-1c15-4a95-931a-4af90ecb574d	-29.070623	20.802577	10.0						2023-08-19T13:48	19	8	2023	7359927	7359927	HUMAN_OBSERVATION	iNaturalist	Observations	188163091		Craig Peter	2023-10-19T17:49:56	CC_BY_NC_4_0	Craig Peter	Craig Peter			2025-06-25T03:29:03.801Z	StillImage	COORDINATE_ROUNDED;CONTINENT_DERIVED_FROM_COORDINATES;TAXON_MATCH_TAXON_ID_IGNORED
4430709802	50c9509d-22c7-4a22-a47d-8c48425ef4a7	https://www.inaturalist.org/observations/188163076	Plantae	Tracheophyta	Liliopsida	Asparagales	Asphodelaceae	Aloidendron	Aloidendron dichotomum		SPECIES	Aloidendron dichotomum (Masson) Klopper & Gideon F.Sm.	Aloidendron dichotomum		ZA		Northern Cape	PRESENT		28eb1a3f-1c15-4a95-931a-4af90ecb574d	-29.187139	20.83998	29533.0						2023-08-19T13:40	19	8	2023	9485745	9485745	HUMAN_OBSERVATION	iNaturalist	Observations	188163076		Craig Peter	2023-10-19T17:49:51	CC_BY_NC_4_0	Craig Peter	Craig Peter			2025-06-25T03:29:05.256Z	StillImage	COORDINATE_ROUNDED;CONTINENT_DERIVED_FROM_COORDINATES;TAXON_MATCH_TAXON_ID_IGNORED
4430682984	50c9509d-22c7-4a22-a47d-8c48425ef4a7	https://www.inaturalist.org/observations/188163067	Plantae	Tracheophyta	Magnoliopsida	Fabales	Fabaceae	Vachellia	Vachellia erioloba		SPECIES	Vachellia erioloba (E.Mey.) P.J.H.Hurter	Vachellia erioloba		ZA		Northern Cape	PRESENT		28eb1a3f-1c15-4a95-931a-4af90ecb574d	-29.083528	20.807798	10.0						2023-08-19T13:39	19	8	2023	3974776	3974776	HUMAN_OBSERVATION	iNaturalist	Observations	188163067		Craig Peter	2023-10-19T17:49:48	CC_BY_NC_4_0	Craig Peter	Craig Peter			2025-06-25T02:37:49.995Z	StillImage	COORDINATE_ROUNDED;CONTINENT_DERIVED_FROM_COORDINATES;TAXON_MATCH_TAXON_ID_IGNORED
4430674930	50c9509d-22c7-4a22-a47d-8c48425ef4a7	https://www.inaturalist.org/observations/188163100	Plantae	Tracheophyta	Magnoliopsida	Fabales	Fabaceae	Vachellia	Vachellia erioloba		SPECIES	Vachellia erioloba (E.Mey.) P.J.H.Hurter	Vachellia erioloba		ZA		Northern Cape	PRESENT		28eb1a3f-1c15-4a95-931a-4af90ecb574d	-29.025907	20.771934	10.0						2023-08-19T13:58	19	8	2023	3974776	3974776	HUMAN_OBSERVATION	iNaturalist	Observations	188163100		Craig Peter	2023-10-19T17:50:00	CC_BY_NC_4_0	Craig Peter	Craig Peter			2025-06-25T06:35:45.840Z	StillImage	COORDINATE_ROUNDED;CONTINENT_DERIVED_FROM_COORDINATES;TAXON_MATCH_TAXON_ID_IGNORED
4421273469	50c9509d-22c7-4a22-a47d-8c48425ef4a7	https://www.inaturalist.org/observations/185300289	Plantae	Tracheophyta	Liliopsida	Asparagales	Asphodelaceae	Aloidendron	Aloidendron dichotomum		SPECIES	Aloidendron dichotomum (Masson) Klopper & Gideon F.Sm.	Aloidendron dichotomum		ZA		Northern Cape	PRESENT		28eb1a3f-1c15-4a95-931a-4af90ecb574d	-29.128408	21.487243	29533.0						2023-09-19T12:18:36	19	9	2023	9485745	9485745	HUMAN_OBSERVATION	iNaturalist	Observations	185300289		cniemandt	2023-09-28T16:37:54	CC_BY_NC_4_0	cniemandt	cniemandt			2025-06-25T05:33:32.870Z	StillImage	COORDINATE_ROUNDED;CONTINENT_DERIVED_FROM_COORDINATES;TAXON_MATCH_TAXON_ID_IGNORED
4421246304	50c9509d-22c7-4a22-a47d-8c48425ef4a7	https://www.inaturalist.org/observations/185300245	Plantae	Tracheophyta	Liliopsida	Asparagales	Asphodelaceae	Aloidendron	Aloidendron dichotomum		SPECIES	Aloidendron dichotomum (Masson) Klopper & Gideon F.Sm.	Aloidendron dichotomum		ZA		Northern Cape	PRESENT		28eb1a3f-1c15-4a95-931a-4af90ecb574d	-29.007324	21.465336	29533.0						2023-09-19T12:05:14	19	9	2023	9485745	9485745	HUMAN_OBSERVATION	iNaturalist	Observations	185300245		cniemandt	2023-09-28T16:37:36	CC_BY_NC_4_0	cniemandt	cniemandt			2025-06-25T03:28:29.139Z	StillImage	COORDINATE_ROUNDED;CONTINENT_DERIVED_FROM_COORDINATES;TAXON_MATCH_TAXON_ID_IGNORED
4420722189	50c9509d-22c7-4a22-a47d-8c48425ef4a7	https://www.inaturalist.org/observations/185299461	Plantae	Tracheophyta	Magnoliopsida	Caryophyllales	Aizoaceae	Dinteranthus	Dinteranthus pole-evansii		SPECIES	Dinteranthus pole-evansii (N.E.Br.) Schwantes	Dinteranthus pole-evansii		ZA		Northern Cape	PRESENT		28eb1a3f-1c15-4a95-931a-4af90ecb574d	-29.177033	21.20703	29533.0						2023-09-18T13:51:24	18	9	2023	3705978	3705978	HUMAN_OBSERVATION	iNaturalist	Observations	185299461		cniemandt	2023-09-28T16:33:06	CC_BY_NC_4_0	cniemandt	cniemandt			2025-06-25T06:35:06.977Z	StillImage	COORDINATE_ROUNDED;CONTINENT_DERIVED_FROM_COORDINATES;TAXON_MATCH_TAXON_ID_IGNORED
4420713834	50c9509d-22c7-4a22-a47d-8c48425ef4a7	https://www.inaturalist.org/observations/185300270	Plantae	Tracheophyta	Liliopsida	Asparagales	Asphodelaceae	Aloidendron	Aloidendron dichotomum		SPECIES	Aloidendron dichotomum (Masson) Klopper & Gideon F.Sm.	Aloidendron dichotomum		ZA		Northern Cape	PRESENT		28eb1a3f-1c15-4a95-931a-4af90ecb574d	-29.067819	21.487231	29533.0						2023-09-19T09:30:18	19	9	2023	9485745	9485745	HUMAN_OBSERVATION	iNaturalist	Observations	185300270		cniemandt	2023-09-28T16:37:46	CC_BY_NC_4_0	cniemandt	cniemandt			2025-06-25T04:26:09.210Z	StillImage	COORDINATE_ROUNDED;CONTINENT_DERIVED_FROM_COORDINATES;TAXON_MATCH_TAXON_ID_IGNORED
4413892060	50c9509d-22c7-4a22-a47d-8c48425ef4a7	https://www.inaturalist.org/observations/182199202	Plantae	Tracheophyta	Magnoliopsida	Lamiales	Scrophulariaceae	Aptosimum	Aptosimum spinescens		SPECIES	Aptosimum spinescens (Thunb.) Emil Weber	Aptosimum spinescens		ZA		Northern Cape	PRESENT		28eb1a3f-1c15-4a95-931a-4af90ecb574d	-29.487719	20.797786	4.0						2023-04-19T10:39	19	4	2023	3727824	3727824	HUMAN_OBSERVATION	iNaturalist	Observations	182199202		tarryn_m	2023-09-07T15:55:07	CC_BY_NC_4_0	tarryn_m	tarryn_m			2025-06-25T04:25:23.201Z	StillImage	COORDINATE_ROUNDED;CONTINENT_DERIVED_FROM_COORDINATES;TAXON_MATCH_TAXON_ID_IGNORED
4413711936	50c9509d-22c7-4a22-a47d-8c48425ef4a7	https://www.inaturalist.org/observations/182199213	Plantae	Tracheophyta	Magnoliopsida	Lamiales	Scrophulariaceae	Aptosimum	Aptosimum spinescens		SPECIES	Aptosimum spinescens (Thunb.) Emil Weber	Aptosimum spinescens		ZA		Northern Cape	PRESENT		28eb1a3f-1c15-4a95-931a-4af90ecb574d	-29.722953	20.519681	4.0						2023-04-19T11:57	19	4	2023	3727824	3727824	HUMAN_OBSERVATION	iNaturalist	Observations	182199213		tarryn_m	2023-09-07T15:55:09	CC_BY_NC_4_0	tarryn_m	tarryn_m			2025-06-25T04:25:23.140Z	StillImage	COORDINATE_ROUNDED;CONTINENT_DERIVED_FROM_COORDINATES;TAXON_MATCH_TAXON_ID_IGNORED
